"person_id","sex","screening_date","p_current_age","p_age_first_offense","p_charge","p_jail30","p_prison","p_probation","p_juv_fel_count","p_felprop_violarrest","p_murder_arrest","p_felassault_arrest","p_misdemassault_arrest","p_famviol_arrest","p_sex_arrest","p_weapons_arrest","fail_appear_two_yr","fail_appear_two_plus","current_violent","current_violent20","pending_charge","prior_conviction_F","prior_conviction_M","violent_conviction","total_convictions","p_arrest","p_property","p_traffic","p_drug","p_dui","p_domestic","p_stalking","p_voyeurism","p_fraud","p_stealing","p_trespass","one_year","three_year","five_year","recid_use"
5650,0,2013-08-07,26,18,8,0,0,1,0,0,0,0,0,0,0,0,0,0,0,0,3,0,4,1,4,10,0,0,0,0,0,0,0,0,0,0,1,1,1,"0"
688,0,2013-04-17,24,18,23,0,0,3,0,0,0,0,0,0,0,0,1,0,0,0,14,2,6,0,8,39,0,0,0,0,0,0,0,0,0,0,1,1,1,"1"
3854,0,2013-01-17,19,19,1,0,0,0,0,0,0,0,0,0,0,0,0,0,1,1,0,2,0,1,2,0,0,0,0,0,0,0,0,0,0,0,0,0,0,"1"
5308,0,2013-01-20,32,21,25,0,0,2,0,0,0,0,0,0,0,0,0,0,0,0,4,1,6,2,7,21,0,0,0,0,0,0,0,0,0,0,1,1,1,"1"
2281,0,2013-02-25,23,19,8,0,0,0,0,0,0,0,0,0,0,0,0,0,0,0,0,0,0,1,0,6,0,0,0,0,0,0,0,0,0,0,1,1,1,"1"
2503,1,2014-01-05,29,21,21,0,0,1,0,0,0,0,0,0,0,0,2,0,0,0,6,0,1,0,1,20,0,0,0,0,0,0,0,0,0,0,1,1,1,"1"
4553,0,2013-04-27,31,28,3,0,0,0,0,0,0,0,0,0,0,0,0,0,0,0,3,0,4,0,4,6,0,0,0,0,0,0,0,0,0,0,0,1,1,"0"
944,0,2014-01-03,26,19,14,0,0,3,0,0,0,0,0,0,0,0,0,0,0,0,8,0,5,1,5,10,0,0,0,1,0,0,0,0,0,0,0,1,1,"0"
925,0,2013-04-18,34,33,3,0,0,0,0,0,0,0,0,0,0,0,0,0,0,0,0,0,1,2,1,3,0,0,0,0,0,0,0,0,0,0,1,1,1,"0"
5982,0,2013-05-08,22,18,5,0,0,0,0,0,0,0,0,0,0,0,0,0,1,0,0,0,0,0,0,0,0,0,0,0,0,0,0,0,0,0,0,0,1,"1"
1526,0,2013-12-12,34,27,4,0,0,3,0,0,0,0,0,0,0,0,0,0,0,0,2,2,1,1,3,11,0,0,0,0,0,0,0,0,0,0,0,0,1,"0"
1140,0,2013-05-17,68,49,20,0,0,2,0,0,0,0,0,0,0,0,0,0,0,0,6,4,5,1,9,23,0,0,0,0,0,0,0,0,0,0,0,1,1,"0"
6229,0,2013-03-18,35,29,6,0,0,4,0,0,0,0,0,0,0,0,0,0,0,0,3,2,6,0,9,16,0,0,0,0,0,0,0,0,0,0,0,0,1,"1"
2402,0,2013-05-28,43,21,12,0,0,2,0,0,0,0,0,0,0,0,0,0,0,0,5,3,13,1,17,25,0,0,0,1,0,0,0,0,0,0,0,1,1,"0"
5685,0,2013-05-28,35,31,3,0,0,0,0,0,0,0,0,0,0,0,0,0,0,0,0,0,0,0,0,8,0,0,0,2,0,0,0,0,0,0,0,0,1,"0"
3859,0,2014-01-28,36,30,14,0,0,1,0,0,0,0,0,0,0,0,0,0,0,0,0,0,1,1,1,8,0,0,0,0,0,0,0,0,0,0,1,1,1,"1"
5700,1,2013-02-19,22,19,10,0,0,0,0,0,0,0,0,0,0,0,0,0,0,0,2,0,3,0,3,12,0,0,0,0,0,0,0,0,0,0,0,1,1,"1"
5877,0,2013-03-02,32,17,13,1,1,1,0,0,0,0,0,0,0,0,0,0,0,0,2,1,12,1,13,33,0,0,0,3,0,0,0,0,0,0,0,0,1,"0"
6105,0,2013-10-10,26,18,17,0,0,0,0,0,0,0,0,0,0,0,1,0,0,0,4,0,0,0,0,11,0,0,0,0,0,0,0,0,0,0,1,1,1,"0"
1082,0,2013-09-29,47,32,18,1,3,1,0,0,0,0,0,0,0,0,0,0,0,0,24,15,8,4,23,72,0,0,0,1,0,0,0,0,0,0,0,1,1,"1"
3749,0,2013-03-14,29,29,2,0,0,0,0,0,0,0,0,0,0,0,1,0,0,0,0,0,1,0,1,4,0,0,0,0,0,0,0,0,0,0,0,0,0,"1"
6135,0,2013-09-18,27,20,5,0,2,0,0,0,0,0,0,0,0,0,0,0,1,0,17,2,8,5,10,24,0,0,0,0,0,0,0,0,0,0,0,0,1,"1"
5380,0,2013-04-06,25,16,4,0,3,5,0,0,0,0,0,0,0,0,0,0,0,0,18,8,7,9,15,44,0,0,0,0,0,0,0,0,0,0,0,1,1,"1"
3692,0,2013-02-20,38,27,10,0,0,2,0,0,0,0,0,0,0,0,0,0,0,0,10,0,9,0,9,16,0,0,0,0,0,0,0,0,0,0,0,1,1,"1"
937,0,2013-12-25,27,26,3,0,0,0,0,0,0,0,0,0,0,0,0,0,0,0,8,0,4,2,4,17,0,0,0,0,0,0,0,0,0,0,0,1,1,"1"
39,0,2013-02-20,23,16,5,0,0,1,0,0,0,0,0,0,0,0,0,0,0,0,9,2,5,1,7,20,0,0,0,0,0,0,0,0,0,0,1,1,1,"1"
6442,0,2013-05-03,21,21,1,0,0,0,0,0,0,0,0,0,0,0,0,0,0,0,0,0,1,0,1,4,0,0,0,0,0,0,0,0,0,0,0,0,0,"0"
1048,0,2013-10-09,42,29,16,0,0,1,0,0,0,0,0,0,0,0,3,0,0,0,24,8,14,2,22,37,0,0,0,0,0,0,0,0,0,0,1,1,1,"0"
4319,0,2013-12-27,54,51,8,0,0,1,0,0,0,0,0,0,0,0,0,0,0,0,5,0,4,0,4,8,0,0,0,1,0,0,0,0,0,0,0,1,1,"0"
1648,0,2013-11-16,46,46,2,0,0,0,0,0,0,0,0,0,0,0,0,0,0,0,0,0,1,0,1,6,0,0,0,0,0,0,0,0,0,0,0,0,0,"0"
1880,0,2013-11-04,18,15,13,0,0,0,0,0,0,0,0,0,0,0,5,1,0,0,4,0,7,0,7,7,0,0,0,0,0,0,0,0,0,0,1,1,1,"1"
5507,0,2013-01-01,40,30,7,0,0,2,0,0,0,0,0,0,0,0,0,0,0,0,0,2,2,0,4,14,0,0,0,0,0,0,0,0,0,0,1,1,1,"0"
703,0,2013-12-12,60,47,10,0,0,1,0,0,0,0,0,0,0,0,0,0,0,0,1,0,3,0,3,12,0,0,0,1,0,0,0,0,0,0,1,1,1,"0"
4290,0,2013-01-10,26,23,10,0,0,0,0,0,0,0,0,0,0,0,0,0,0,0,0,0,0,0,0,2,0,0,0,0,0,0,0,0,0,0,0,1,1,"1"
4797,0,2013-04-14,30,21,27,0,0,2,0,0,0,0,0,0,0,0,0,0,0,0,9,2,6,1,8,11,0,0,0,0,0,0,0,0,0,0,1,1,1,"1"
4067,0,2014-01-26,29,20,16,0,0,4,0,0,0,0,0,0,0,0,1,0,0,0,1,0,2,0,2,8,0,0,0,0,0,0,0,0,0,0,1,1,1,"1"
3738,0,2013-12-31,26,18,23,0,0,1,0,0,0,0,0,0,0,0,0,0,0,0,18,4,12,2,17,38,0,0,0,0,0,0,0,0,0,0,1,1,1,"1"
4980,0,2013-12-05,27,26,2,0,0,0,0,0,0,0,0,0,0,0,0,0,0,0,0,0,1,0,1,5,0,0,0,0,0,0,0,0,0,0,1,1,1,"0"
633,1,2013-04-29,55,52,3,0,0,0,0,0,0,0,0,0,0,0,0,0,0,0,0,0,0,0,0,6,0,0,0,0,0,0,0,0,0,0,0,0,1,"0"
2009,0,2013-02-01,29,18,11,0,0,0,0,0,0,0,0,0,0,0,2,0,0,0,7,0,3,0,3,17,0,0,0,0,0,0,0,0,0,0,0,1,1,"1"
6073,0,2013-12-15,40,36,6,0,0,0,0,0,0,0,0,0,0,0,0,0,0,0,0,0,0,0,0,6,0,0,0,0,0,0,0,0,0,0,0,1,1,"0"
1332,0,2014-01-24,31,25,15,0,0,0,0,0,0,0,0,0,0,0,0,0,0,0,4,0,1,2,1,6,0,0,0,0,0,0,0,0,0,0,1,1,1,"1"
2793,0,2013-02-03,27,20,5,1,1,3,0,0,0,0,0,0,0,0,0,0,0,0,23,9,8,4,17,38,0,0,0,2,0,0,0,0,0,0,0,0,0,"0"
1051,0,2013-03-18,30,20,18,0,0,0,0,0,0,0,0,0,0,0,1,0,0,0,0,0,2,0,2,6,0,0,0,0,0,0,0,0,0,0,1,1,1,"1"
181,0,2014-02-20,24,18,4,0,0,0,0,0,0,0,0,0,0,0,0,0,0,0,13,5,7,3,12,17,0,0,0,0,0,0,0,0,0,0,0,0,1,"0"
1179,0,2013-03-31,34,25,11,0,0,0,0,0,0,0,0,0,0,0,1,0,0,0,2,0,3,0,3,6,0,0,0,0,0,0,0,0,0,0,0,0,1,"0"
847,0,2013-01-25,22,17,5,0,0,0,0,0,0,0,0,0,0,0,0,0,1,0,0,0,2,0,2,7,0,0,0,0,0,0,0,0,0,0,0,0,1,"0"
4320,0,2013-05-03,31,21,12,0,0,4,0,0,0,0,0,0,0,0,1,0,0,0,18,3,16,2,19,45,0,0,0,0,0,0,0,0,0,0,1,1,1,"0"
6463,0,2013-05-25,28,22,13,0,1,3,0,0,0,0,0,0,0,0,0,0,0,0,20,7,8,4,15,54,0,0,0,0,0,0,0,0,0,0,0,0,1,"1"
5381,0,2013-03-31,35,29,7,0,0,0,0,0,0,0,0,0,0,0,3,0,0,0,5,0,4,0,4,3,0,0,0,0,0,0,0,0,0,0,1,1,1,"0"
1499,0,2013-09-19,27,23,9,1,1,1,0,0,0,0,0,0,0,0,0,0,0,0,7,0,7,3,7,11,0,0,0,0,0,0,0,0,0,0,1,1,1,"1"
4730,0,2014-01-08,18,17,6,0,0,0,0,0,0,0,0,0,0,0,0,0,1,1,0,0,1,0,1,0,0,0,0,0,0,0,0,0,0,0,1,1,1,"1"
4329,0,2013-09-27,28,26,7,0,0,0,0,0,0,0,0,0,0,0,0,0,0,0,12,1,8,0,9,21,0,0,0,0,0,0,0,0,0,0,1,1,1,"0"
4826,0,2013-03-01,28,21,6,0,0,4,0,0,0,0,0,0,0,0,0,0,0,0,11,2,4,2,6,23,0,0,0,0,0,0,0,0,0,0,0,0,1,"1"
4586,0,2013-04-27,54,47,5,0,1,2,0,0,0,0,0,0,0,0,0,0,0,0,6,6,8,10,14,26,0,0,0,1,0,0,0,0,0,0,1,1,1,"0"
4076,0,2013-02-18,30,26,4,0,0,2,0,0,0,0,0,0,0,0,0,0,0,0,7,4,1,2,5,19,0,0,0,0,0,0,0,0,0,0,0,1,1,"1"
241,1,2013-03-10,23,19,7,0,0,0,0,0,0,0,0,0,0,0,1,0,0,0,1,0,2,0,2,4,0,0,0,0,0,0,0,0,0,0,1,1,1,"1"
1904,0,2013-01-16,28,25,9,0,0,0,0,0,0,0,0,0,0,0,0,0,0,0,0,0,0,0,0,2,0,0,0,0,0,0,0,0,0,0,0,1,1,"0"
5130,0,2013-09-11,37,23,9,0,0,0,0,0,0,0,0,0,0,0,0,0,0,0,0,0,1,0,1,8,0,0,0,0,0,0,0,0,0,0,0,1,1,"1"
1166,0,2014-03-11,25,21,6,0,1,2,0,0,0,0,0,0,0,0,0,0,0,0,5,4,1,0,5,17,0,0,0,0,0,0,0,0,0,0,0,1,1,"0"
6114,1,2013-08-21,38,21,6,0,0,1,0,0,0,0,0,0,0,0,0,0,0,0,4,1,6,1,7,15,0,0,0,0,0,0,0,0,0,0,0,0,0,"0"
1629,0,2014-02-09,25,21,9,0,0,1,0,0,0,0,0,0,0,0,0,0,1,0,8,1,0,0,1,10,0,0,0,0,0,0,0,0,0,0,1,1,1,"1"
701,0,2013-09-11,26,21,3,0,0,3,0,0,0,0,0,0,0,0,0,0,0,0,2,1,3,0,4,13,0,0,0,0,0,0,0,0,0,0,0,0,1,"0"
5942,0,2014-03-18,24,19,3,0,0,0,0,0,0,0,0,0,0,0,0,0,0,0,0,0,0,1,0,10,0,0,0,0,0,0,0,0,0,0,0,0,1,"1"
2084,0,2014-03-02,30,30,3,0,3,0,0,0,0,0,0,0,0,0,1,0,0,0,0,0,1,0,1,5,0,0,0,0,0,0,0,0,0,0,1,1,1,"0"
3488,0,2013-07-15,33,28,11,0,0,0,0,0,0,0,0,0,0,0,0,0,0,0,0,0,1,0,1,4,0,0,0,0,0,0,0,0,0,0,1,1,1,"0"
3291,0,2013-04-04,34,30,11,0,1,1,0,0,0,0,0,0,0,0,1,0,0,0,16,6,4,10,10,25,0,0,0,0,0,0,0,0,0,0,1,1,1,"1"
457,0,2013-08-16,41,41,1,0,0,0,0,0,0,0,0,0,0,0,0,0,1,0,1,0,1,2,1,6,0,0,0,0,0,0,0,0,0,0,0,0,0,"0"
2279,0,2014-03-22,32,31,2,0,0,2,0,0,0,0,0,0,0,0,0,0,1,0,0,1,0,1,1,5,0,0,0,0,0,0,0,0,0,0,0,1,1,"0"
4574,0,2013-01-13,28,23,18,0,0,6,0,0,0,0,0,0,0,0,0,0,0,0,19,2,8,1,11,36,0,0,0,1,0,0,0,0,0,0,0,1,1,"0"
1730,0,2014-03-04,45,28,5,0,2,1,0,0,0,0,0,0,0,0,0,0,0,0,16,5,3,0,8,22,0,0,0,0,0,0,0,0,0,0,1,1,1,"0"
4342,0,2013-09-08,20,19,3,0,0,0,0,0,0,0,0,0,0,0,0,0,0,0,0,0,0,0,0,6,0,0,0,0,0,0,0,0,0,0,1,1,1,"0"
6368,0,2013-05-26,23,21,12,0,0,1,0,0,0,0,0,0,0,0,0,0,0,0,9,2,8,5,10,28,0,0,0,2,0,0,0,0,0,0,0,1,1,"1"
5423,0,2013-11-22,57,54,4,0,0,0,0,0,0,0,0,0,0,0,0,0,0,0,0,0,1,0,1,5,0,0,0,0,0,0,0,0,0,0,0,1,1,"0"
1111,0,2013-04-01,45,45,1,0,0,0,0,0,0,0,0,0,0,0,0,0,0,0,2,0,2,2,2,7,0,0,0,0,0,0,0,0,0,0,0,0,0,"0"
2804,0,2014-02-26,42,30,6,0,0,0,0,0,0,0,0,0,0,0,0,0,0,0,6,0,4,2,5,11,0,0,0,1,0,0,0,0,0,0,0,0,0,"0"
837,0,2013-11-17,44,39,11,0,0,0,0,0,0,0,0,0,0,0,0,0,0,0,0,0,3,0,3,9,0,0,0,0,0,0,0,0,0,0,1,1,1,"1"
122,0,2013-04-18,27,20,8,0,1,0,0,0,0,0,0,0,0,0,0,0,0,0,11,2,5,6,7,28,0,0,0,0,0,0,0,0,0,0,1,1,1,"1"
4739,0,2013-03-13,22,15,18,0,0,1,0,0,0,0,0,0,0,0,0,0,0,0,23,1,22,2,23,42,0,0,0,0,0,0,0,0,0,0,1,1,1,"0"
1781,0,2013-03-30,30,30,1,0,0,0,0,0,0,0,0,0,0,0,0,0,0,0,2,0,1,1,1,3,0,0,0,0,0,0,0,0,0,0,0,0,0,"0"
497,1,2013-04-04,20,18,2,0,0,0,0,0,0,0,0,0,0,0,0,0,0,0,0,0,1,0,1,4,0,0,0,0,0,0,0,0,0,0,0,1,1,"0"
1655,0,2013-01-22,20,17,8,0,0,0,0,0,0,0,0,0,0,0,1,0,0,0,0,0,0,0,0,3,0,0,0,0,0,0,0,0,0,0,0,1,1,"0"
4761,0,2013-04-12,27,23,7,0,0,0,0,0,0,0,0,0,0,0,2,0,0,0,0,0,3,0,3,11,0,0,0,0,0,0,0,0,0,0,1,1,1,"1"
306,0,2013-04-18,23,22,3,0,0,0,0,0,0,0,0,0,0,0,2,0,0,0,2,0,1,0,1,12,0,0,0,0,0,0,0,0,0,0,1,1,1,"0"
4805,0,2013-10-27,32,32,1,0,0,0,0,0,0,0,0,0,0,0,0,0,0,0,0,0,1,0,1,4,0,0,0,0,0,0,0,0,0,0,0,0,0,"1"
5974,0,2013-08-09,19,19,4,0,0,0,0,0,0,0,0,0,0,0,0,0,1,1,0,0,0,0,0,5,0,0,0,0,0,0,0,0,0,0,0,0,0,"0"
4381,0,2013-07-22,53,49,3,0,0,0,0,0,0,0,0,0,0,0,0,0,0,0,0,0,1,1,1,4,0,0,0,0,0,0,0,0,0,0,0,0,1,"0"
1565,0,2013-10-29,33,24,24,0,0,5,0,0,0,0,0,0,0,0,0,0,0,0,19,2,16,0,18,55,0,0,0,0,0,0,0,0,0,0,0,1,1,"1"
6296,0,2013-08-25,28,19,13,0,0,0,0,0,0,0,0,0,0,0,0,0,0,0,0,0,1,0,1,10,0,0,0,0,0,0,0,0,0,0,1,1,1,"1"
4530,0,2013-11-27,23,19,10,0,0,0,0,0,0,0,0,0,0,0,0,0,0,0,0,0,0,1,0,7,0,0,0,0,0,0,0,0,0,0,1,1,1,"0"
3642,0,2014-02-07,38,34,11,0,0,1,0,0,0,0,0,0,0,0,0,0,0,0,2,1,1,1,2,6,0,0,0,0,0,0,0,0,0,0,0,1,1,"1"
6046,0,2013-02-01,46,27,8,0,0,5,0,0,0,0,0,0,0,0,0,0,0,0,17,3,12,3,15,33,0,0,0,0,0,0,0,0,0,0,0,0,1,"0"
3291,0,2014-02-13,35,30,13,0,1,2,0,0,0,0,0,0,0,0,2,0,0,0,18,6,4,10,10,30,0,0,0,0,0,0,0,0,0,0,1,1,1,"0"
5812,0,2013-10-16,47,42,9,0,3,0,0,0,0,0,0,0,0,0,0,0,0,0,2,3,1,1,4,9,0,0,0,0,0,0,0,0,0,0,1,1,1,"1"
3354,0,2013-09-06,26,20,20,0,0,0,0,0,0,0,0,0,0,0,0,0,0,0,0,0,1,0,1,6,0,0,0,1,0,0,0,0,0,0,0,1,1,"0"
2454,0,2013-06-14,29,26,3,0,0,0,0,0,0,0,0,0,0,0,0,0,1,0,0,0,1,1,1,0,0,0,0,0,0,0,0,0,0,0,0,1,1,"1"
2901,0,2013-03-23,23,23,2,0,0,1,0,0,0,0,0,0,0,0,0,0,0,0,3,3,2,3,5,19,0,0,0,0,0,0,0,0,0,0,0,0,0,"0"
3248,0,2014-03-26,68,55,10,0,1,3,0,0,0,0,0,0,0,0,0,0,0,0,8,8,4,2,12,22,0,0,0,0,0,0,0,0,0,0,1,1,1,"1"
2361,1,2013-08-11,46,43,7,0,0,0,0,0,0,0,0,0,0,0,0,0,1,0,3,0,2,0,2,2,0,0,0,0,0,0,0,0,0,0,0,1,1,"1"
5518,0,2013-08-26,28,24,4,0,0,1,0,0,0,0,0,0,0,0,0,0,0,0,0,1,2,1,3,5,0,0,0,0,0,0,0,0,0,0,0,0,1,"0"
5495,0,2013-05-30,57,31,19,0,2,3,0,0,0,0,0,0,0,0,0,0,0,0,25,10,8,3,18,29,0,0,0,0,0,0,0,0,0,0,1,1,1,"1"
5839,0,2013-02-12,32,25,16,0,0,0,0,0,0,0,0,0,0,0,2,0,0,0,6,0,5,0,5,16,0,0,0,0,0,0,0,0,0,0,0,1,1,"0"
3714,0,2013-04-05,50,34,4,0,0,1,0,0,0,0,0,0,0,0,0,0,0,0,0,0,1,0,1,5,0,0,0,0,0,0,0,0,0,0,1,1,1,"0"
382,1,2014-03-12,21,16,11,0,0,3,0,0,0,0,0,0,0,0,0,2,0,0,7,3,7,1,11,25,0,0,0,0,0,0,0,0,0,0,0,1,1,"0"
5436,1,2013-05-02,51,48,8,0,0,1,0,0,0,0,0,0,0,0,0,0,0,0,0,1,1,0,2,8,0,0,0,1,0,0,0,0,0,0,1,1,1,"0"
874,0,2013-03-06,23,19,11,0,0,0,0,0,0,0,0,0,0,0,0,0,0,0,4,0,1,0,1,5,0,0,0,0,0,0,0,0,0,0,1,1,1,"1"
2376,0,2013-08-13,23,17,29,0,0,1,0,0,0,0,0,0,0,0,0,0,0,0,13,0,7,1,7,34,0,0,0,1,0,0,0,0,0,0,0,1,1,"1"
3779,0,2014-03-19,25,20,13,0,0,0,0,0,0,0,0,0,0,0,0,0,0,0,0,0,1,0,1,5,0,0,0,0,0,0,0,0,0,0,0,1,1,"1"
6251,0,2013-10-05,30,21,14,0,0,0,0,0,0,0,0,0,0,0,2,0,0,0,2,0,3,0,3,13,0,0,0,0,0,0,0,0,0,0,1,1,1,"0"
3975,0,2013-12-21,25,20,4,0,0,1,0,0,0,0,0,0,0,0,0,0,1,0,0,0,1,0,1,2,0,0,0,1,0,0,0,0,0,0,1,1,1,"1"
6171,1,2013-06-21,42,42,5,0,0,0,0,0,0,0,0,0,0,0,1,0,0,0,0,0,0,0,0,7,0,0,0,0,0,0,0,0,0,0,1,1,1,"0"
5738,0,2013-09-09,49,49,2,0,0,0,0,0,0,0,0,0,0,0,0,0,0,0,0,0,1,0,1,5,0,0,0,0,0,0,0,0,0,0,0,0,0,"0"
546,0,2013-04-22,33,26,3,0,0,0,0,0,0,0,0,0,0,0,0,0,0,0,0,0,0,0,0,15,0,0,0,0,0,0,0,0,0,0,0,0,0,"0"
1948,0,2013-02-05,50,40,7,0,0,1,0,0,0,0,0,0,0,0,0,0,0,0,4,1,0,0,1,9,0,0,0,0,0,0,0,0,0,0,0,1,1,"0"
1915,0,2013-04-19,32,31,3,1,3,0,0,0,0,0,0,0,0,0,0,0,0,0,5,1,2,0,3,8,0,0,0,0,0,0,0,0,0,0,0,1,1,"0"
990,1,2014-01-09,43,40,4,0,1,0,0,0,0,0,0,0,0,0,0,0,0,0,0,0,2,0,2,9,0,0,0,0,0,0,0,0,0,0,0,0,1,"0"
5857,0,2014-01-11,22,18,5,0,0,0,0,0,0,0,0,0,0,0,0,0,0,0,0,0,1,0,1,2,0,0,0,0,0,0,0,0,0,0,0,1,1,"0"
970,0,2014-03-18,36,30,3,0,2,6,0,0,0,0,0,0,0,0,0,0,0,0,10,3,6,8,9,30,0,0,0,1,0,0,0,0,0,0,0,0,0,"0"
4045,1,2013-04-26,42,41,3,0,0,0,0,0,0,0,0,0,0,0,0,0,0,0,0,0,1,0,1,4,0,0,0,0,0,0,0,0,0,0,0,1,1,"1"
484,0,2013-02-22,24,23,3,0,0,1,0,0,0,0,0,0,0,0,0,0,0,0,5,6,0,0,6,2,0,0,0,0,0,0,0,0,0,0,0,1,1,"0"
2263,0,2013-04-26,25,23,3,0,0,0,0,0,0,0,0,0,0,0,0,0,0,0,5,2,1,0,3,11,0,0,0,0,0,0,0,0,0,0,1,1,1,"0"
3924,1,2013-01-03,33,19,92,0,0,4,0,0,0,0,0,0,0,0,0,0,0,0,15,4,9,1,13,46,0,0,0,0,0,0,0,0,0,0,0,1,1,"0"
6392,0,2013-03-05,47,43,10,0,0,2,0,0,0,0,0,0,0,0,0,0,0,0,11,2,5,7,7,29,0,0,0,0,0,0,0,0,0,0,0,1,1,"0"
4388,0,2013-03-27,23,23,1,0,0,0,0,0,0,0,0,0,0,0,0,0,0,0,0,0,0,3,0,4,0,0,0,0,0,0,0,0,0,0,0,0,0,"1"
1157,0,2013-11-05,25,18,10,0,0,0,0,0,0,0,0,0,0,0,0,0,0,0,1,0,2,0,2,11,0,0,0,0,0,0,0,0,0,0,1,1,1,"0"
5833,0,2013-01-11,44,24,6,0,0,0,0,0,0,0,0,0,0,0,0,0,1,0,0,0,0,0,0,0,0,0,0,0,0,0,0,0,0,0,0,1,1,"0"
3280,1,2013-11-09,24,19,22,0,0,0,0,0,0,0,0,0,0,0,0,0,1,0,0,0,3,0,3,21,0,0,0,0,0,0,0,0,0,0,1,1,1,"1"
3832,0,2013-12-26,37,37,2,0,0,0,0,0,0,0,0,0,0,0,0,0,0,0,0,1,1,1,2,5,0,0,0,0,0,0,0,0,0,0,0,0,0,"0"
3255,0,2013-10-01,48,32,6,0,0,0,0,0,0,0,0,0,0,0,1,0,0,0,2,0,2,0,2,9,0,0,0,0,0,0,0,0,0,0,0,0,1,"0"
4914,0,2013-08-22,20,16,4,0,0,1,0,0,0,0,0,0,0,0,3,0,0,0,5,0,8,0,8,3,0,0,0,0,0,0,0,0,0,0,1,1,1,"0"
5660,0,2013-02-19,34,34,3,0,0,0,0,0,0,0,0,0,0,0,0,0,0,0,0,0,1,0,1,0,0,0,0,1,0,0,0,0,0,0,0,0,0,"0"
5719,0,2014-01-28,18,17,9,0,0,0,0,0,0,0,0,0,0,0,0,0,0,0,0,0,2,0,2,2,0,0,0,0,0,0,0,0,0,0,1,1,1,"1"
5987,0,2013-02-05,30,25,9,0,0,1,0,0,0,0,0,0,0,0,0,0,0,0,9,2,4,1,6,23,0,0,0,1,0,0,0,0,0,0,1,1,1,"1"
3480,0,2013-01-03,50,49,2,0,0,1,0,0,0,0,0,0,0,0,0,0,0,0,0,1,1,2,2,9,0,0,0,0,0,0,0,0,0,0,0,1,1,"0"
4134,0,2013-03-17,48,39,6,0,0,2,0,0,0,0,0,0,0,0,0,0,1,0,1,3,6,3,9,6,0,0,0,0,0,0,0,0,0,0,1,1,1,"0"
2792,0,2013-09-05,28,21,7,0,1,0,0,0,0,0,0,0,0,0,0,0,1,0,3,0,4,1,4,4,0,0,0,0,0,0,0,0,0,0,0,1,1,"1"
2231,0,2013-01-31,21,15,12,0,0,1,0,0,0,0,0,0,0,0,3,0,1,0,5,0,10,0,10,8,0,0,0,0,0,0,0,0,0,0,1,1,1,"1"
598,0,2013-02-13,25,25,1,0,1,2,0,0,0,0,0,0,0,0,0,0,0,0,6,4,3,0,7,19,0,0,0,0,0,0,0,0,0,0,0,0,0,"0"
3453,0,2013-08-13,42,25,13,0,1,6,0,0,0,0,0,0,0,0,0,0,0,0,3,4,2,2,6,31,0,0,0,0,0,0,0,0,0,0,0,1,1,"1"
2329,0,2013-09-22,23,16,15,0,0,1,0,0,0,0,0,0,0,0,0,0,1,0,16,3,6,1,9,21,0,0,0,0,0,0,0,0,0,0,0,1,1,"0"
4636,1,2014-01-03,18,18,4,0,0,0,0,0,0,0,0,0,0,0,0,0,1,1,0,0,1,1,1,0,0,0,0,0,0,0,0,0,0,0,1,1,1,"1"
4996,0,2013-11-12,24,21,6,0,0,0,0,0,0,0,0,0,0,0,0,0,1,0,0,0,0,0,0,10,0,0,0,0,0,0,0,0,0,0,0,1,1,"1"
729,0,2013-02-25,56,53,10,0,0,0,0,0,0,0,0,0,0,0,0,0,1,0,0,0,1,1,1,0,0,0,0,0,0,0,0,0,0,0,1,1,1,"1"
3268,0,2013-03-25,21,17,7,0,0,0,0,0,0,0,0,0,0,0,0,0,0,0,3,0,2,2,2,8,0,0,0,0,0,0,0,0,0,0,0,1,1,"1"
3154,0,2013-09-14,31,20,4,0,0,0,0,0,0,0,0,0,0,0,0,0,0,0,0,0,2,0,2,7,0,0,0,0,0,0,0,0,0,0,0,0,0,"1"
1482,1,2013-12-16,21,18,4,0,0,0,0,0,0,0,0,0,0,0,0,0,0,0,8,2,3,1,5,14,0,0,0,0,0,0,0,0,0,0,1,1,1,"0"
2234,0,2013-09-23,54,41,4,0,0,0,0,0,0,0,0,0,0,0,0,0,0,0,3,0,1,0,1,11,0,0,0,0,0,0,0,0,0,0,0,0,0,"0"
1938,1,2013-04-09,41,31,2,0,0,0,0,0,0,0,0,0,0,0,0,0,0,0,0,0,0,0,0,7,0,0,0,0,0,0,0,0,0,0,0,0,0,"0"
597,0,2013-04-16,24,18,28,0,0,3,0,0,0,0,0,0,0,0,0,0,0,0,11,3,6,2,9,47,0,0,0,2,0,0,0,0,0,0,0,0,1,"0"
4117,1,2013-02-21,45,45,2,0,0,0,0,0,0,0,0,0,0,0,0,0,0,0,0,0,0,1,0,7,0,0,0,0,0,0,0,0,0,0,0,0,0,"0"
5160,0,2013-01-15,33,18,9,0,2,3,0,0,0,0,0,0,0,0,0,0,0,0,10,4,9,1,13,33,0,0,0,0,0,0,0,0,0,0,0,0,0,"0"
5298,0,2013-10-13,25,18,6,0,0,3,0,0,0,0,0,0,0,0,2,0,0,0,5,0,6,3,6,13,0,0,0,2,0,0,0,0,0,0,1,1,1,"0"
5939,0,2013-02-25,42,29,5,0,0,0,0,0,0,0,0,0,0,0,0,0,0,0,0,0,1,0,1,6,0,0,0,2,0,0,0,0,0,0,0,0,1,"0"
4853,1,2014-01-06,63,61,3,0,0,0,0,0,0,0,0,0,0,0,0,0,0,0,0,0,0,1,0,5,0,0,0,0,0,0,0,0,0,0,0,1,1,"1"
5579,0,2013-04-03,40,38,5,0,1,0,0,0,0,0,0,0,0,0,0,0,0,0,0,2,2,1,4,22,0,0,0,1,0,0,0,0,0,0,1,1,1,"0"
329,0,2013-01-07,33,32,3,0,0,0,0,0,0,0,0,0,0,0,0,0,0,0,0,1,0,0,1,6,0,0,0,0,0,0,0,0,0,0,0,1,1,"0"
315,0,2013-03-20,35,34,5,0,0,1,0,0,0,0,0,0,0,0,0,0,0,0,0,0,2,0,2,4,0,0,0,0,0,0,0,0,0,0,1,1,1,"0"
5534,0,2013-01-09,32,19,10,0,0,2,0,0,0,0,0,0,0,0,0,0,0,0,4,3,2,0,5,15,0,0,0,0,0,0,0,0,0,0,1,1,1,"0"
5917,0,2013-04-07,29,29,1,0,0,0,0,0,0,0,0,0,0,0,0,0,0,0,0,0,0,1,0,4,0,0,0,1,0,0,0,0,0,0,0,0,0,"0"
2216,0,2013-02-15,41,39,5,0,0,0,0,0,0,0,0,0,0,0,1,0,0,0,0,0,1,0,1,6,0,0,0,0,0,0,0,0,0,0,1,1,1,"0"
2371,0,2013-03-30,30,25,21,0,0,0,0,0,0,0,0,0,0,0,0,0,0,0,1,0,2,1,2,3,0,0,0,0,0,0,0,0,0,0,1,1,1,"0"
2623,0,2014-03-21,35,31,49,0,0,0,0,0,0,0,0,0,0,0,0,0,0,0,7,0,7,0,7,15,0,0,0,0,0,0,0,0,0,0,1,1,1,"1"
3281,0,2013-09-16,28,24,7,0,0,0,0,0,0,0,0,0,0,0,0,0,0,0,7,0,3,5,3,18,0,0,0,0,0,0,0,0,0,0,0,1,1,"0"
4923,0,2013-12-12,22,19,4,0,0,0,0,0,0,0,0,0,0,0,0,0,0,0,0,0,0,0,0,4,0,0,0,0,0,0,0,0,0,0,0,1,1,"1"
5448,0,2013-04-14,25,21,3,0,0,0,0,0,0,0,0,0,0,0,0,0,0,0,0,0,0,0,0,4,0,0,0,0,0,0,0,0,0,0,0,1,1,"0"
6117,0,2013-11-26,34,20,5,0,0,4,0,0,0,0,0,0,0,0,0,0,0,0,16,7,6,9,14,29,0,0,0,0,0,0,0,0,0,0,0,0,0,"1"
4991,0,2013-06-18,55,47,24,0,0,1,0,0,0,0,0,0,0,0,2,0,0,0,5,2,2,2,4,21,0,0,0,2,0,0,0,0,0,0,1,1,1,"0"
5057,1,2014-02-04,47,36,7,0,0,2,0,0,0,0,0,0,0,0,0,0,0,0,0,0,1,0,1,5,0,0,0,0,0,0,0,0,0,0,0,0,1,"1"
5427,1,2013-05-17,40,38,3,0,0,0,0,0,0,0,0,0,0,0,1,0,0,0,0,0,2,0,2,0,0,0,0,0,0,0,0,0,0,0,0,1,1,"0"
3951,0,2014-01-24,28,26,2,0,0,1,0,0,0,0,0,0,0,0,0,0,0,0,3,1,1,0,2,12,0,0,0,0,0,0,0,0,0,0,0,1,1,"0"
5975,0,2014-02-20,45,28,3,0,0,0,0,0,0,0,0,0,0,0,0,0,1,0,0,0,1,0,1,9,0,0,0,0,0,0,0,0,0,0,0,0,0,"0"
780,0,2013-05-07,22,16,3,1,1,0,0,0,0,0,0,0,0,0,0,0,0,0,2,3,0,3,3,16,0,0,0,0,0,0,0,0,0,0,0,0,0,"0"
3744,0,2013-01-03,53,46,6,0,0,0,0,0,0,0,0,0,0,0,0,0,0,0,0,0,0,2,0,7,0,0,0,0,0,0,0,0,0,0,0,1,1,"0"
244,1,2013-05-02,27,18,4,0,1,0,0,0,0,0,0,0,0,0,0,0,0,0,6,3,1,4,4,16,0,0,0,1,0,0,0,0,0,0,0,0,0,"0"
5724,0,2013-05-03,54,54,1,0,0,0,0,0,0,0,0,0,0,0,0,0,0,0,0,0,1,0,1,4,0,0,0,0,0,0,0,0,0,0,0,0,0,"0"
266,0,2013-08-29,51,47,2,0,0,0,0,0,0,0,0,0,0,0,0,0,0,0,1,0,2,0,2,8,0,0,0,0,0,0,0,0,0,0,0,0,1,"0"
5293,1,2013-12-18,30,19,16,0,0,3,0,0,0,0,0,0,0,0,0,0,0,0,6,0,8,1,8,19,0,0,0,0,0,0,0,0,0,0,0,1,1,"1"
4937,0,2013-03-18,45,38,5,0,0,0,0,0,0,0,0,0,0,0,0,0,0,0,6,1,4,0,5,20,0,0,0,0,0,0,0,0,0,0,0,0,0,"0"
5671,0,2013-05-12,29,27,8,0,0,1,0,0,0,0,0,0,0,0,0,0,0,0,3,3,2,0,5,12,0,0,0,1,0,0,0,0,0,0,1,1,1,"1"
4313,0,2014-02-04,24,20,6,0,1,1,0,0,0,0,0,0,0,0,0,0,0,0,1,3,0,2,3,13,0,0,0,0,0,0,0,0,0,0,0,0,1,"0"
4108,0,2013-02-06,38,33,8,1,3,5,0,0,0,0,0,0,0,0,2,0,0,0,33,14,11,8,25,59,0,0,0,0,0,0,0,0,0,0,1,1,1,"0"
4408,0,2013-01-03,39,29,11,0,0,0,0,0,0,0,0,0,0,0,0,0,0,0,3,0,0,0,0,13,0,0,0,0,0,0,0,0,0,0,0,1,1,"1"
3930,0,2013-02-23,42,42,1,0,0,0,0,0,0,0,0,0,0,0,0,0,0,0,0,0,0,1,0,0,0,0,0,0,0,0,0,0,0,0,0,0,0,"0"
5443,0,2013-05-29,22,17,9,0,0,0,0,0,0,0,0,0,0,0,0,0,0,0,2,2,3,1,5,10,0,0,0,0,0,0,0,0,0,0,0,0,1,"0"
5339,0,2013-01-17,43,43,2,1,1,4,0,0,0,0,0,0,0,0,0,0,1,0,2,4,4,6,8,21,0,0,0,0,0,0,0,0,0,0,0,0,0,"1"
5266,0,2013-02-09,47,32,6,0,0,1,0,0,0,0,0,0,0,0,0,0,0,0,0,0,1,1,1,10,0,0,0,0,0,0,0,0,0,0,0,0,1,"0"
2873,0,2013-11-22,30,17,3,3,2,4,0,0,0,0,0,0,0,0,0,0,0,0,30,13,4,15,17,66,0,0,0,0,0,0,0,0,0,0,1,1,1,"0"
4516,0,2013-09-11,43,36,4,0,0,0,0,0,0,0,0,0,0,0,0,0,0,0,0,0,0,1,0,5,0,0,0,0,0,0,0,0,0,0,0,0,0,"0"
1361,0,2013-05-16,24,19,6,0,0,0,0,0,0,0,0,0,0,0,0,0,0,0,3,0,1,0,1,4,0,0,0,0,0,0,0,0,0,0,1,1,1,"1"
1213,1,2014-01-13,34,30,5,0,0,0,0,0,0,0,0,0,0,0,0,0,0,0,0,0,0,0,1,3,0,0,0,0,0,0,0,0,0,0,1,1,1,"0"
3285,0,2013-04-06,43,33,11,0,0,1,0,0,0,0,0,0,0,0,1,0,0,0,0,3,4,0,7,22,0,0,0,1,0,0,0,0,0,0,1,1,1,"1"
3025,0,2013-11-19,40,20,4,0,0,0,0,0,0,0,0,0,0,0,0,0,0,0,1,0,1,0,1,4,0,0,0,0,0,0,0,0,0,0,0,0,0,"0"
1198,0,2013-05-10,28,25,13,0,0,1,0,0,0,0,0,0,0,0,0,0,0,0,0,0,2,0,2,7,0,0,0,1,0,0,0,0,0,0,1,1,1,"0"
5887,0,2014-03-15,22,22,2,0,0,0,0,0,0,0,0,0,0,0,1,0,0,0,2,0,1,0,1,7,0,0,0,0,0,0,0,0,0,0,1,1,1,"0"
6248,0,2013-10-23,32,22,14,0,0,0,0,0,0,0,0,0,0,0,0,0,0,0,2,0,2,0,2,4,0,0,0,0,0,0,0,0,0,0,0,1,1,"0"
2897,0,2013-10-01,26,26,1,0,0,0,0,0,0,0,0,0,0,0,0,0,0,0,0,0,1,0,1,5,0,0,0,0,0,0,0,0,0,0,0,0,0,"0"
3272,0,2013-08-10,34,17,38,1,3,4,0,0,0,0,0,0,0,0,0,0,0,0,33,10,22,3,32,94,0,0,0,2,0,0,0,0,0,0,0,1,1,"1"
6328,1,2013-10-21,66,47,2,0,0,2,0,0,0,0,0,0,0,0,0,0,0,0,3,3,0,0,5,13,0,0,0,0,0,0,0,0,0,0,0,0,0,"0"
3736,0,2013-08-01,42,30,8,0,0,1,0,0,0,0,0,0,0,0,0,0,0,0,2,1,4,0,5,20,0,0,0,0,0,0,0,0,0,0,0,0,0,"0"
1520,0,2013-10-01,22,19,6,0,0,0,0,0,0,0,0,0,0,0,0,0,0,0,0,1,1,0,2,6,0,0,0,0,0,0,0,0,0,0,1,1,1,"1"
743,0,2013-02-13,23,23,1,0,0,0,0,0,0,0,0,0,0,0,0,0,0,0,0,0,0,1,0,0,0,0,0,0,0,0,0,0,0,0,0,0,0,"1"
4789,0,2013-10-12,34,24,19,0,0,2,0,0,0,0,0,0,0,0,0,0,0,0,8,5,7,1,12,29,0,0,0,0,0,0,0,0,0,0,1,1,1,"1"
6381,0,2013-02-22,30,18,12,0,2,1,0,0,0,0,0,0,0,0,0,0,0,0,22,8,12,8,20,37,0,0,0,0,0,0,0,0,0,0,0,1,1,"1"
4625,0,2013-10-15,24,19,23,0,0,0,0,0,0,0,0,0,0,0,0,0,0,0,8,0,1,0,1,20,0,0,0,0,0,0,0,0,0,0,0,1,1,"0"
4800,1,2014-01-04,28,14,17,0,1,0,0,0,0,0,0,0,0,0,0,0,0,0,15,6,14,3,20,43,0,0,0,0,0,0,0,0,0,0,0,0,0,"0"
2123,0,2013-03-25,24,22,3,0,0,2,0,0,0,0,0,0,0,0,0,0,0,0,0,1,0,1,1,7,0,0,0,0,0,0,0,0,0,0,0,1,1,"0"
3713,0,2013-02-06,22,21,4,0,0,0,0,0,0,0,0,0,0,0,0,0,0,0,2,1,0,0,1,8,0,0,0,0,0,0,0,0,0,0,1,1,1,"0"
169,0,2013-01-16,35,19,9,0,0,1,0,0,0,0,0,0,0,0,0,0,0,0,5,1,2,0,3,17,0,0,0,0,0,0,0,0,0,0,0,1,1,"1"
6420,0,2013-04-30,21,17,4,0,0,5,0,0,0,0,0,0,0,0,0,0,0,0,13,5,7,4,12,33,0,0,0,0,0,0,0,0,0,0,0,0,1,"0"
1344,0,2014-01-29,49,45,2,0,0,1,0,0,0,0,0,0,0,0,0,0,1,0,7,4,0,4,4,14,0,0,0,0,0,0,0,0,0,0,0,0,1,"0"
653,0,2013-11-13,22,14,2,0,0,0,0,0,0,0,0,0,0,0,0,0,0,0,0,0,1,0,2,4,0,0,0,0,0,0,0,0,0,0,0,0,0,"1"
2880,0,2013-09-16,48,34,7,0,0,6,0,0,0,0,0,0,0,0,0,0,0,0,4,5,4,1,11,30,0,0,0,0,0,0,0,0,0,0,1,1,1,"0"
5984,0,2014-02-12,32,25,9,0,0,2,0,0,0,0,0,0,0,0,0,0,1,0,2,1,2,0,3,2,0,0,0,0,0,0,0,0,0,0,0,1,1,"1"
584,0,2013-05-16,33,22,9,0,0,2,0,0,0,0,0,0,0,0,0,0,0,0,5,2,2,1,4,17,0,0,0,0,0,0,0,0,0,0,1,1,1,"1"
2507,0,2013-03-17,25,22,3,0,0,2,0,0,0,0,0,0,0,0,0,0,0,0,6,3,1,3,4,16,0,0,0,0,0,0,0,0,0,0,0,1,1,"0"
1577,0,2013-04-29,56,45,5,0,0,0,0,0,0,0,0,0,0,0,0,0,0,0,1,0,2,0,2,1,0,0,0,0,0,0,0,0,0,0,0,0,0,"1"
2737,0,2014-03-06,24,18,18,0,0,1,0,0,0,0,0,0,0,0,2,0,0,0,7,2,4,2,6,19,0,0,0,0,0,0,0,0,0,0,1,1,1,"0"
279,0,2013-10-25,55,50,7,0,0,1,0,0,0,0,0,0,0,0,0,0,0,0,0,0,1,0,1,6,0,0,0,0,0,0,0,0,0,0,0,0,0,"0"
320,0,2013-02-19,35,26,5,0,3,3,0,0,0,0,0,0,0,0,0,0,0,0,8,11,9,3,20,44,0,0,0,2,0,0,0,0,0,0,1,1,1,"0"
2281,0,2014-01-15,24,19,14,0,0,1,0,0,0,0,0,0,0,0,0,0,0,0,4,0,2,1,2,20,0,0,0,0,0,0,0,0,0,0,1,1,1,"0"
5560,0,2013-02-04,50,49,2,0,0,1,0,0,0,0,0,0,0,0,0,0,0,0,0,0,1,0,1,2,0,0,0,0,0,0,0,0,0,0,1,1,1,"0"
4331,0,2013-01-07,46,29,11,0,8,3,0,0,0,0,0,0,0,0,0,0,0,0,46,10,13,10,26,68,0,0,0,1,0,0,0,0,0,0,1,1,1,"1"
4461,0,2013-04-04,61,52,8,0,0,1,0,0,0,0,0,0,0,0,0,0,0,0,6,0,7,0,7,12,0,0,0,0,0,0,0,0,0,0,0,0,1,"0"
732,0,2013-02-06,26,24,4,0,0,0,0,0,0,0,0,0,0,0,0,0,0,0,0,0,1,0,1,2,0,0,0,0,0,0,0,0,0,0,1,1,1,"0"
5327,0,2014-01-18,30,26,5,0,0,0,0,0,0,0,0,0,0,0,0,0,0,0,0,0,0,0,0,6,0,0,0,0,0,0,0,0,0,0,0,1,1,"0"
6271,0,2014-01-01,24,20,5,0,0,0,0,0,0,0,0,0,0,0,0,0,0,0,0,0,0,0,0,5,0,0,0,0,0,0,0,0,0,0,1,1,1,"1"
3196,0,2013-12-01,21,14,8,0,1,0,0,0,0,0,0,0,0,0,0,0,1,0,6,5,4,5,9,9,0,0,0,0,0,0,0,0,0,0,1,1,1,"0"
5303,0,2013-12-22,51,31,4,1,12,2,0,0,0,0,0,0,0,0,0,0,1,0,39,17,16,15,33,74,0,0,0,0,0,0,0,0,0,0,1,1,1,"0"
4389,0,2014-02-08,23,19,4,0,0,1,0,0,0,0,0,0,0,0,0,0,0,0,0,0,1,0,1,5,0,0,0,0,0,0,0,0,0,0,0,1,1,"0"
6367,0,2013-05-08,27,12,2,0,0,2,0,0,0,0,0,0,0,0,0,0,0,0,1,1,4,2,5,9,0,0,0,0,0,0,0,0,0,0,0,0,0,"1"
3399,0,2013-02-21,32,22,16,0,3,1,0,0,0,0,0,0,0,0,0,0,0,0,15,8,2,6,10,30,0,0,0,0,0,0,0,0,0,0,1,1,1,"0"
1548,0,2013-09-08,25,21,16,0,0,1,0,0,0,0,0,0,0,0,2,0,0,0,2,1,4,2,5,11,0,0,0,0,0,0,0,0,0,0,0,1,1,"1"
1351,0,2013-01-30,23,18,9,0,0,2,0,0,0,0,0,0,0,0,0,0,0,0,3,1,7,4,8,17,0,0,0,0,0,0,0,0,0,0,1,1,1,"0"
6162,1,2013-11-13,33,28,2,0,0,1,0,0,0,0,0,0,0,0,0,0,1,0,3,0,2,0,2,4,0,0,0,0,0,0,0,0,0,0,0,0,0,"1"
1702,0,2013-06-03,30,23,19,0,0,5,0,0,0,0,0,0,0,0,0,0,0,0,28,3,16,5,19,65,0,0,0,0,0,0,0,0,0,0,1,1,1,"0"
803,0,2014-01-21,49,33,5,0,1,2,0,0,0,0,0,0,0,0,0,0,0,0,8,3,2,1,6,10,0,0,0,0,0,0,0,0,0,0,0,0,0,"0"
2014,0,2013-09-25,27,27,2,0,0,0,0,0,0,0,0,0,0,0,0,0,0,0,4,0,1,0,1,7,0,0,0,0,0,0,0,0,0,0,1,1,1,"0"
5646,0,2013-04-26,20,20,2,0,0,2,0,0,0,0,0,0,0,0,0,0,0,0,6,0,7,6,7,9,0,0,0,0,0,0,0,0,0,0,0,0,0,"0"
4192,0,2013-03-24,22,15,14,0,0,0,0,0,0,0,0,0,0,0,0,0,0,0,11,0,1,2,1,14,0,0,0,0,0,0,0,0,0,0,0,1,1,"1"
5664,1,2013-10-22,30,26,9,0,0,1,0,0,0,0,0,0,0,0,0,0,0,0,2,3,1,1,4,8,0,0,0,0,0,0,0,0,0,0,0,1,1,"0"
5506,0,2014-01-31,22,20,9,0,0,0,0,0,0,0,0,0,0,0,0,0,1,0,0,1,2,0,3,3,0,0,0,0,0,0,0,0,0,0,1,1,1,"1"
1065,0,2013-08-22,25,20,9,0,0,0,0,0,0,0,0,0,0,0,0,0,0,0,8,1,8,0,9,34,0,0,0,0,0,0,0,0,0,0,0,1,1,"0"
6178,0,2014-01-02,24,20,10,0,0,0,0,0,0,0,0,0,0,0,0,0,0,0,1,2,2,0,4,8,0,0,0,0,0,0,0,0,0,0,0,1,1,"1"
2401,0,2014-03-17,27,20,39,0,0,0,0,0,0,0,0,0,0,0,0,0,0,0,1,0,0,1,0,4,0,0,0,0,0,0,0,0,0,0,1,1,1,"0"
6205,0,2013-01-09,50,28,20,0,0,5,0,0,0,0,0,0,0,0,0,0,0,0,6,3,7,2,10,33,0,0,0,0,0,0,0,0,0,0,0,0,1,"1"
3236,0,2014-02-22,27,21,6,0,1,4,0,0,0,0,0,0,0,0,0,0,0,0,11,5,8,1,13,27,0,0,0,1,0,0,0,0,0,0,1,1,1,"1"
2759,0,2014-02-06,29,14,7,0,0,0,0,0,0,0,0,0,0,0,0,0,0,0,1,0,3,1,3,12,0,0,0,1,0,0,0,0,0,0,0,1,1,"0"
1240,0,2013-04-11,26,19,6,0,0,3,0,0,0,0,0,0,0,0,0,0,0,0,25,3,12,3,15,43,0,0,0,2,0,0,0,0,0,0,0,1,1,"0"
1910,0,2013-04-09,48,23,7,0,0,0,0,0,0,0,0,0,0,0,0,0,1,0,0,1,0,1,2,3,0,0,0,0,0,0,0,0,0,0,1,1,1,"1"
3662,0,2013-03-25,25,25,2,0,1,0,0,0,0,0,0,0,0,0,0,0,1,0,6,3,1,4,4,12,0,0,0,0,0,0,0,0,0,0,1,1,1,"1"
4595,0,2013-01-04,26,26,2,0,0,1,0,0,0,0,0,0,0,0,0,0,0,0,4,0,3,0,3,8,0,0,0,0,0,0,0,0,0,0,0,0,0,"0"
5163,0,2014-01-06,23,18,5,0,0,0,0,0,0,0,0,0,0,0,0,0,1,0,11,0,8,0,9,13,0,0,0,0,0,0,0,0,0,0,0,0,1,"0"
5722,0,2013-10-24,44,19,11,0,0,0,0,0,0,0,0,0,0,0,0,0,0,0,17,8,3,0,11,29,0,0,0,0,0,0,0,0,0,0,0,1,1,"0"
3906,0,2013-05-08,26,18,15,0,0,1,0,0,0,0,0,0,0,0,0,0,0,0,16,5,6,0,11,36,0,0,0,0,0,0,0,0,0,0,0,1,1,"0"
2764,0,2013-12-22,36,35,4,0,0,0,0,0,0,0,0,0,0,0,3,0,0,0,3,0,3,0,3,8,0,0,0,0,0,0,0,0,0,0,1,1,1,"0"
6313,0,2013-01-26,26,21,19,1,1,2,0,0,0,0,0,0,0,0,0,0,0,0,14,5,3,5,9,26,0,0,0,0,0,0,0,0,0,0,1,1,1,"0"
3415,0,2013-04-12,28,28,4,0,0,1,0,0,0,0,0,0,0,0,0,0,0,0,1,0,0,0,0,9,0,0,0,0,0,0,0,0,0,0,0,0,0,"1"
2245,1,2013-01-02,52,52,3,1,4,0,0,0,0,0,0,0,0,0,0,0,0,0,0,0,0,0,0,6,0,0,0,0,0,0,0,0,0,0,0,0,0,"0"
2286,0,2013-02-21,23,19,11,0,0,0,0,0,0,0,0,0,0,0,0,0,0,0,1,0,1,0,1,3,0,0,0,0,0,0,0,0,0,0,0,1,1,"0"
1032,0,2013-09-23,26,18,7,0,1,3,0,0,0,0,0,0,0,0,0,0,0,0,7,2,6,0,8,18,0,0,0,0,0,0,0,0,0,0,1,1,1,"1"
6081,1,2013-08-05,31,29,2,0,0,0,0,0,0,0,0,0,0,0,0,0,1,0,8,0,0,4,0,9,0,0,0,0,0,0,0,0,0,0,0,1,1,"0"
4993,0,2013-02-01,49,49,1,0,4,1,0,0,0,0,0,0,0,0,0,0,0,0,0,3,2,3,5,13,0,0,0,0,0,0,0,0,0,0,0,0,0,"0"
2837,1,2014-02-19,55,54,5,0,0,0,0,0,0,0,0,0,0,0,0,0,0,0,0,0,2,0,2,8,0,0,0,0,0,0,0,0,0,0,1,1,1,"0"
5010,0,2013-06-05,35,22,21,0,3,2,0,0,0,0,0,0,0,0,0,0,0,0,17,13,11,1,25,50,0,0,0,0,0,0,0,0,0,0,1,1,1,"1"
5155,0,2013-03-10,25,18,5,0,0,0,0,0,0,0,0,0,0,0,0,0,0,0,18,6,12,3,18,39,0,0,0,0,0,0,0,0,0,0,0,0,0,"0"
5312,0,2014-01-20,28,21,4,0,0,1,0,0,0,0,0,0,0,0,0,0,0,0,3,0,2,0,2,10,0,0,0,0,0,0,0,0,0,0,0,0,0,"0"
4637,0,2013-03-14,33,30,9,0,0,1,0,0,0,0,0,0,0,0,0,0,0,0,0,0,1,0,1,5,0,0,0,0,0,0,0,0,0,0,1,1,1,"1"
1717,0,2013-09-06,32,30,6,0,2,0,0,0,0,0,0,0,0,0,1,0,0,0,1,0,1,0,1,7,0,0,0,0,0,0,0,0,0,0,1,1,1,"1"
2760,0,2013-03-11,33,31,6,0,0,0,0,0,0,0,0,0,0,0,0,0,0,0,1,0,0,2,0,4,0,0,0,0,0,0,0,0,0,0,1,1,1,"0"
887,0,2013-03-04,27,15,15,0,0,0,0,0,0,0,0,0,0,0,0,0,0,0,1,0,9,0,9,12,0,0,0,1,0,0,0,0,0,0,0,1,1,"1"
5756,0,2013-09-25,31,23,6,0,0,3,0,0,0,0,0,0,0,0,0,0,0,0,10,3,5,0,8,26,0,0,0,0,0,0,0,0,0,0,1,1,1,"0"
107,0,2013-09-18,26,21,27,0,0,0,0,0,0,0,0,0,0,0,1,0,0,0,7,0,3,0,3,8,0,0,0,0,0,0,0,0,0,0,1,1,1,"1"
4168,0,2013-08-03,47,32,7,0,0,5,0,0,0,0,0,0,0,0,0,0,0,0,20,7,5,0,13,37,0,0,0,0,0,0,0,0,0,0,0,0,0,"0"
3914,0,2014-01-23,22,20,3,0,0,0,0,0,0,0,0,0,0,0,0,0,0,0,0,1,0,0,1,4,0,0,0,0,0,0,0,0,0,0,1,1,1,"1"
4955,0,2014-03-04,21,21,6,0,0,0,0,0,0,0,0,0,0,0,0,0,0,0,6,2,2,2,4,6,0,0,0,0,0,0,0,0,0,0,1,1,1,"0"
2133,0,2014-03-19,19,18,9,0,0,0,0,0,0,0,0,0,0,0,1,0,0,0,4,2,2,1,4,2,0,0,0,0,0,0,0,0,0,0,1,1,1,"1"
3131,0,2014-01-10,38,28,11,0,0,0,0,0,0,0,0,0,0,0,0,0,0,0,8,2,7,1,10,12,0,0,0,0,0,0,0,0,0,0,1,1,1,"1"
716,0,2014-03-10,33,28,6,0,0,0,0,0,0,0,0,0,0,0,0,0,1,0,0,0,0,1,0,3,0,0,0,0,0,0,0,0,0,0,0,1,1,"1"
4757,0,2013-03-02,36,20,9,0,0,0,0,0,0,0,0,0,0,0,0,0,0,0,0,0,2,0,3,3,0,0,0,1,0,0,0,0,0,0,0,0,1,"1"
3839,0,2013-12-30,59,59,2,0,3,2,0,0,0,0,0,0,0,0,0,0,0,0,3,3,2,1,5,10,0,0,0,0,0,0,0,0,0,0,1,1,1,"0"
1680,0,2013-03-29,47,29,9,0,0,1,0,0,0,0,0,0,0,0,0,0,0,0,4,2,3,0,9,18,0,0,0,0,0,0,0,0,0,0,0,0,1,"0"
881,1,2014-01-21,47,43,5,0,0,0,0,0,0,0,0,0,0,0,1,1,0,0,2,0,0,0,0,7,0,0,0,0,0,0,0,0,0,0,0,1,1,"1"
3003,0,2013-08-18,39,34,4,0,0,0,0,0,0,0,0,0,0,0,0,0,0,0,0,0,1,0,1,6,0,0,0,0,0,0,0,0,0,0,0,1,1,"0"
5586,0,2014-01-24,24,19,8,0,1,1,0,0,0,0,0,0,0,0,0,0,0,0,1,4,1,2,5,13,0,0,0,0,0,0,0,0,0,0,0,0,0,"1"
6266,0,2013-05-04,41,38,12,0,0,0,0,0,0,0,0,0,0,0,2,0,0,0,0,0,2,0,2,3,0,0,0,0,0,0,0,0,0,0,0,1,1,"0"
146,0,2013-02-13,36,21,16,0,0,0,0,0,0,0,0,0,0,0,0,0,0,0,0,0,0,0,0,3,0,0,0,0,0,0,0,0,0,0,1,1,1,"1"
808,0,2013-10-19,25,12,12,0,0,1,0,0,0,0,0,0,0,0,0,0,1,0,2,0,3,1,3,3,0,0,0,0,0,0,0,0,0,0,0,1,1,"1"
381,0,2013-04-24,20,17,4,0,0,0,0,0,0,0,0,0,0,0,0,0,1,1,0,0,1,1,1,1,0,0,0,0,0,0,0,0,0,0,0,0,1,"1"
872,0,2014-01-24,35,28,14,0,1,4,0,0,0,0,0,0,0,0,1,0,0,0,10,5,5,2,10,28,0,0,0,0,0,0,0,0,0,0,1,1,1,"1"
416,0,2013-12-10,50,47,6,0,0,0,0,0,0,0,0,0,0,0,0,0,1,0,3,0,5,0,5,11,0,0,0,0,0,0,0,0,0,0,0,1,1,"0"
6075,0,2013-05-04,26,16,26,0,0,2,0,0,0,0,0,0,0,0,0,0,0,0,16,1,13,0,14,35,0,0,0,0,0,0,0,0,0,0,1,1,1,"1"
864,0,2013-04-25,21,18,7,0,0,1,0,0,0,0,0,0,0,0,0,0,0,0,13,2,6,1,8,15,0,0,0,0,0,0,0,0,0,0,0,1,1,"1"
6154,0,2013-02-25,29,22,3,0,0,0,0,0,0,0,0,0,0,0,0,0,0,0,0,0,0,0,0,2,0,0,0,0,0,0,0,0,0,0,0,0,0,"0"
6371,0,2013-01-11,33,18,12,0,0,2,0,0,0,0,0,0,0,0,0,0,0,0,15,8,7,2,15,66,0,0,0,0,0,0,0,0,0,0,0,0,1,"0"
23,0,2013-11-17,28,20,14,0,0,3,0,0,0,0,0,0,0,0,0,0,0,0,6,2,6,0,8,23,0,0,0,0,0,0,0,0,0,0,0,0,0,"0"
1431,0,2014-03-05,23,18,8,0,0,0,0,0,0,0,0,0,0,0,0,0,0,0,0,0,0,0,0,5,0,0,0,0,0,0,0,0,0,0,1,1,1,"0"
1689,0,2013-05-05,51,38,6,0,0,0,0,0,0,0,0,0,0,0,0,0,0,0,0,0,4,0,4,9,0,0,0,0,0,0,0,0,0,0,1,1,1,"1"
2047,0,2013-11-04,24,20,11,0,0,0,0,0,0,0,0,0,0,0,2,0,0,0,6,0,2,0,2,18,0,0,0,1,0,0,0,0,0,0,1,1,1,"1"
5456,0,2013-04-26,34,23,9,1,1,6,0,0,0,0,0,0,0,0,0,0,0,0,21,9,8,9,17,65,0,0,0,0,0,0,0,0,0,0,1,1,1,"1"
4383,0,2013-02-18,50,37,11,1,2,4,0,0,0,0,0,0,0,0,0,0,0,0,14,15,22,2,38,72,0,0,0,0,0,0,0,0,0,0,1,1,1,"0"
4712,0,2014-01-08,54,32,7,0,0,1,0,0,0,0,0,0,0,0,0,0,0,0,2,1,5,0,6,6,0,0,0,0,0,0,0,0,0,0,0,0,1,"0"
4039,0,2014-02-07,31,27,3,0,0,1,0,0,0,0,0,0,0,0,0,0,0,0,0,0,2,0,2,12,0,0,0,1,0,0,0,0,0,0,0,0,1,"0"
1770,0,2014-02-20,21,18,7,0,0,0,0,0,0,0,0,0,0,0,0,0,0,0,2,0,2,0,2,2,0,0,0,0,0,0,0,0,0,0,1,1,1,"1"
6160,0,2013-04-24,26,20,25,0,0,0,0,0,0,0,0,0,0,0,1,0,0,0,5,1,2,0,3,13,0,0,0,0,0,0,0,0,0,0,1,1,1,"1"
3571,0,2013-04-12,27,27,1,0,0,0,0,0,0,0,0,0,0,0,0,0,0,0,0,0,0,1,0,4,0,0,0,0,0,0,0,0,0,0,0,0,0,"1"
4045,1,2013-05-17,42,41,3,0,0,0,0,0,0,0,0,0,0,0,0,0,0,0,0,0,1,0,1,4,0,0,0,0,0,0,0,0,0,0,0,1,1,"1"
1186,0,2013-08-13,22,19,3,0,0,0,0,0,0,0,0,0,0,0,0,0,1,0,0,0,1,1,1,0,0,0,0,0,0,0,0,0,0,0,1,1,1,"1"
3603,0,2013-01-03,27,22,5,0,0,2,0,0,0,0,0,0,0,0,0,0,0,0,6,0,6,2,6,18,0,0,0,0,0,0,0,0,0,0,0,1,1,"1"
1177,0,2014-02-24,44,44,1,0,0,0,0,0,0,0,0,0,0,0,0,0,0,0,0,0,0,0,1,4,0,0,0,0,0,0,0,0,0,0,0,0,0,"0"
5997,0,2013-12-03,22,18,14,0,0,0,0,0,0,0,0,0,0,0,0,0,1,0,0,0,0,1,0,7,0,0,0,0,0,0,0,0,0,0,1,1,1,"0"
2859,0,2014-02-06,34,25,9,0,0,2,0,0,0,0,0,0,0,0,0,1,0,0,10,2,8,1,10,23,0,0,0,0,0,0,0,0,0,0,0,1,1,"1"
3627,0,2013-01-26,40,19,6,1,3,3,0,0,0,0,0,0,0,0,0,0,0,0,23,19,1,13,20,74,0,0,0,0,0,0,0,0,0,0,0,0,0,"1"
4336,0,2013-11-04,21,19,3,0,0,0,0,0,0,0,0,0,0,0,0,0,0,0,0,0,1,0,1,7,0,0,0,0,0,0,0,0,0,0,0,1,1,"0"
1786,0,2013-02-18,38,22,5,0,4,1,0,0,0,0,0,0,0,0,0,0,0,0,3,3,6,2,9,16,0,0,0,0,0,0,0,0,0,0,0,0,0,"0"
319,0,2013-03-20,53,43,7,0,0,1,0,0,0,0,0,0,0,0,0,0,0,0,5,1,6,0,7,19,0,0,0,0,0,0,0,0,0,0,0,0,0,"1"
1622,0,2013-03-10,50,46,3,0,0,1,0,0,0,0,0,0,0,0,0,0,0,0,2,0,2,0,2,4,0,0,0,0,0,0,0,0,0,0,0,0,1,"0"
602,0,2013-02-21,33,28,7,0,0,3,0,0,0,0,0,0,0,0,0,0,0,0,10,5,8,2,13,41,0,0,0,0,0,0,0,0,0,0,1,1,1,"1"
4476,0,2014-03-28,58,54,3,1,7,1,0,0,0,0,0,0,0,0,0,0,0,0,31,18,9,6,27,61,0,0,0,0,0,0,0,0,0,0,0,1,1,"0"
1515,0,2013-10-23,48,44,7,0,7,1,0,0,0,0,0,0,0,0,0,0,0,0,19,16,11,13,27,55,0,0,0,1,0,0,0,0,0,0,1,1,1,"1"
713,0,2013-11-24,55,41,2,0,9,1,0,0,0,0,0,0,0,0,0,0,0,0,14,10,6,11,16,33,0,0,0,0,0,0,0,0,0,0,0,0,0,"0"
173,0,2013-11-17,31,18,9,0,0,3,0,0,0,0,0,0,0,0,0,0,0,0,7,0,6,0,6,17,0,0,0,0,0,0,0,0,0,0,0,0,1,"1"
560,0,2014-01-17,31,24,5,0,0,0,0,0,0,0,0,0,0,0,1,0,0,0,0,0,1,0,1,6,0,0,0,0,0,0,0,0,0,0,1,1,1,"1"
259,0,2013-03-05,49,47,6,0,0,0,0,0,0,0,0,0,0,0,0,0,0,0,3,1,0,0,1,5,0,0,0,0,0,0,0,0,0,0,1,1,1,"0"
4439,1,2013-10-14,20,20,1,0,0,0,0,0,0,0,0,0,0,0,0,0,0,0,0,0,1,0,1,2,0,0,0,0,0,0,0,0,0,0,0,0,0,"0"
5935,0,2014-02-19,21,20,2,0,0,0,0,0,0,0,0,0,0,0,0,0,1,0,2,1,2,0,3,0,0,0,0,0,0,0,0,0,0,0,0,1,1,"0"
6066,0,2013-11-11,55,55,1,0,7,1,0,0,0,0,0,0,0,0,0,0,0,0,13,10,3,2,13,22,0,0,0,0,0,0,0,0,0,0,0,0,0,"0"
2870,0,2013-01-15,21,19,3,0,0,0,0,0,0,0,0,0,0,0,0,0,0,0,0,1,1,1,2,13,0,0,0,0,0,0,0,0,0,0,0,1,1,"1"
4225,0,2013-10-17,31,22,7,0,1,1,0,0,0,0,0,0,0,0,0,0,0,0,33,7,6,9,13,64,0,0,0,0,0,0,0,0,0,0,0,1,1,"1"
1625,0,2013-04-21,18,18,1,0,0,0,0,0,0,0,0,0,0,0,0,0,0,0,0,0,1,1,1,3,0,0,0,0,0,0,0,0,0,0,0,0,0,"0"
817,0,2013-02-21,34,33,3,0,0,0,0,0,0,0,0,0,0,0,0,0,1,0,0,0,1,0,1,0,0,0,0,0,0,0,0,0,0,0,1,1,1,"1"
1660,0,2013-02-06,24,16,9,0,2,2,0,0,0,0,0,0,0,0,0,0,1,0,22,9,2,9,11,24,0,0,0,0,0,0,0,0,0,0,1,1,1,"0"
1499,0,2013-01-04,26,23,8,0,1,1,0,0,0,0,0,0,0,0,0,0,0,0,5,0,5,3,5,5,0,0,0,0,0,0,0,0,0,0,1,1,1,"1"
1209,0,2014-03-12,18,17,11,0,0,0,0,0,0,0,0,0,0,0,0,0,1,1,0,0,0,0,0,0,0,0,0,0,0,0,0,0,0,0,1,1,1,"1"
5264,0,2013-01-15,20,20,1,0,0,2,0,0,0,0,0,0,0,0,0,0,0,0,3,1,1,2,2,11,0,0,0,0,0,0,0,0,0,0,0,0,0,"1"
3778,0,2013-03-15,24,21,10,0,0,0,0,0,0,0,0,0,0,0,0,0,0,0,0,0,1,0,1,3,0,0,0,1,0,0,0,0,0,0,1,1,1,"1"
537,0,2013-10-15,47,47,2,0,0,1,0,0,0,0,0,0,0,0,0,0,1,0,0,3,1,3,4,13,0,0,0,0,0,0,0,0,0,0,0,0,0,"0"
1682,0,2013-04-20,37,22,4,0,0,0,0,0,0,0,0,0,0,0,0,0,0,0,2,0,1,1,1,4,0,0,0,0,0,0,0,0,0,0,0,0,1,"0"
1235,0,2013-03-20,25,18,16,0,0,2,0,0,0,0,0,0,0,0,0,0,0,0,25,2,14,4,16,42,0,0,0,1,0,0,0,0,0,0,1,1,1,"1"
2541,0,2013-03-11,42,23,3,0,0,2,0,0,0,0,0,0,0,0,0,0,0,0,0,0,0,0,2,6,0,0,0,0,0,0,0,0,0,0,0,0,0,"0"
440,0,2013-11-05,37,20,18,0,0,0,0,0,0,0,0,0,0,0,0,0,1,0,0,1,6,0,8,8,0,0,0,0,0,0,0,0,0,0,1,1,1,"1"
1664,0,2013-02-07,22,18,14,0,0,0,0,0,0,0,0,0,0,0,0,0,0,0,1,1,1,0,2,7,0,0,0,0,0,0,0,0,0,0,0,1,1,"0"
1702,0,2013-06-24,30,23,19,0,0,5,0,0,0,0,0,0,0,0,0,0,0,0,28,3,16,5,19,65,0,0,0,0,0,0,0,0,0,0,1,1,1,"0"
3345,1,2013-01-26,30,28,3,0,0,0,0,0,0,0,0,0,0,0,0,0,0,0,0,0,1,1,1,5,0,0,0,0,0,0,0,0,0,0,0,1,1,"1"
3972,0,2013-08-26,29,25,4,0,0,0,0,0,0,0,0,0,0,0,0,0,0,0,13,3,3,1,6,27,0,0,0,0,0,0,0,0,0,0,0,0,1,"0"
4743,0,2013-05-09,32,19,4,0,2,2,0,0,0,0,0,0,0,0,0,0,0,0,6,3,1,2,5,12,0,0,0,0,0,0,0,0,0,0,0,1,1,"1"
731,0,2013-02-07,55,55,1,0,0,0,0,0,0,0,0,0,0,0,0,0,0,0,0,2,0,1,2,5,0,0,0,0,0,0,0,0,0,0,0,0,0,"0"
4928,0,2013-03-22,22,20,9,0,0,0,0,0,0,0,0,0,0,0,0,0,0,0,1,0,2,0,2,6,0,0,0,0,0,0,0,0,0,0,1,1,1,"0"
1923,0,2014-02-24,28,26,10,1,2,0,0,0,0,0,0,0,0,0,0,0,1,0,24,7,4,18,11,46,0,0,0,0,0,0,0,0,0,0,1,1,1,"0"
3952,0,2013-01-28,33,33,3,0,0,0,0,0,0,0,0,0,0,0,0,0,0,0,0,0,2,0,2,7,0,0,0,0,0,0,0,0,0,0,0,0,0,"0"
1844,0,2013-08-26,47,45,4,0,0,6,0,0,0,0,0,0,0,0,0,0,0,0,4,3,8,6,11,25,0,0,0,3,0,0,0,0,0,0,0,1,1,"1"
6208,0,2013-01-11,21,19,8,0,0,0,0,0,0,0,0,0,0,0,0,0,0,0,0,0,0,0,0,4,0,0,0,0,0,0,0,0,0,0,1,1,1,"1"
5895,0,2013-09-27,21,19,2,0,0,0,0,0,0,0,0,0,0,0,0,0,0,0,0,0,0,0,0,4,0,0,0,0,0,0,0,0,0,0,0,1,1,"0"
616,0,2013-02-07,29,27,5,0,0,0,0,0,0,0,0,0,0,0,3,0,1,0,2,0,2,0,2,3,0,0,0,1,0,0,0,0,0,0,1,1,1,"0"
5657,0,2013-02-27,29,19,3,1,1,1,0,0,0,0,0,0,0,0,0,0,1,0,9,4,6,2,10,27,0,0,0,0,0,0,0,0,0,0,0,0,0,"0"
3316,1,2013-08-19,25,24,3,0,1,0,0,0,0,0,0,0,0,0,0,0,0,0,1,1,2,2,3,3,0,0,0,0,0,0,0,0,0,0,1,1,1,"1"
5842,0,2013-11-09,27,17,18,0,3,2,0,0,0,0,0,0,0,0,0,0,0,0,26,6,15,0,21,57,0,0,0,0,0,0,0,0,0,0,1,1,1,"1"
1819,0,2013-10-02,22,18,7,0,0,0,0,0,0,0,0,0,0,0,0,0,0,0,4,1,3,2,4,11,0,0,0,0,0,0,0,0,0,0,0,1,1,"0"
2066,0,2013-04-19,33,21,11,0,0,2,0,0,0,0,0,0,0,0,0,0,0,0,3,1,4,0,5,15,0,0,0,0,0,0,0,0,0,0,1,1,1,"0"
2220,0,2014-01-15,49,33,13,0,4,1,0,0,0,0,0,0,0,0,0,0,0,0,9,6,6,2,13,31,0,0,0,2,0,0,0,0,0,0,0,1,1,"1"
611,0,2013-01-04,53,49,9,0,2,2,0,0,0,0,0,0,0,0,2,0,0,0,1,2,2,1,4,14,0,0,0,0,0,0,0,0,0,0,0,1,1,"0"
1169,0,2013-05-20,26,21,9,0,0,1,0,0,0,0,0,0,0,0,0,0,0,0,0,0,1,0,1,6,0,0,0,1,0,0,0,0,0,0,0,1,1,"0"
2821,1,2013-11-14,34,17,18,0,0,3,0,0,0,0,0,0,0,0,0,0,0,0,3,2,1,1,3,11,0,0,0,0,0,0,0,0,0,0,1,1,1,"0"
6198,0,2013-09-24,46,46,1,0,0,2,0,0,0,0,0,0,0,0,0,0,0,0,0,2,4,1,6,10,0,0,0,0,0,0,0,0,0,0,0,0,0,"0"
