Attribute,Attribute Value,Age,Prior,Label,Expected Score,fold_num
race,Caucasian,37,3,0,0.001275818030775202,0
race,Caucasian,37,4,0,0.0013121952277285584,0
race,Caucasian,19,2,0,0.003017724708516651,0
race,Caucasian,19,4,0,0.0016243140180023762,0
race,Caucasian,44,2,0,0.0010818824061934681,0
race,Caucasian,44,4,0,0.0011171990361303692,0
race,Caucasian,24,4,0,0.0016280760125881037,0
race,Caucasian,21,2,0,0.0016606668590984138,0
race,Caucasian,21,4,0,0.0017136316564549774,0
race,Caucasian,45,4,0,0.0019435044095318665,0
race,Caucasian,54,3,0,0.00161991646431873,0
race,Caucasian,26,4,0,0.0016580262154082392,0
race,Caucasian,20,3,0,0.0027005784306932054,0
race,Caucasian,20,4,0,0.0016782518068172731,0
race,Caucasian,20,4,1,0.0044784945524151505,0
race,Caucasian,41,4,0,0.0007439829630487018,0
race,Caucasian,47,3,0,0.0010486748982765917,0
race,Caucasian,47,4,0,0.0011130528336348894,0
race,Caucasian,29,3,0,0.0009646167252938467,0
race,Caucasian,29,4,0,0.0014165057531578104,0
race,Caucasian,22,2,0,0.001274050804666246,0
race,Caucasian,22,4,0,0.0018900027120872874,0
race,Caucasian,22,4,1,0.0015443507964037514,0
race,Caucasian,51,4,0,0.0011903891827814198,0
race,Caucasian,18,4,0,0.003937070821501933,0
race,Caucasian,39,2,0,0.001484959980858053,0
race,Caucasian,39,4,1,0.0022847625762674496,0
race,Caucasian,50,4,0,0.0010403217200956412,0
race,Caucasian,23,4,1,0.00222898503139919,0
race,Caucasian,23,3,0,0.0023425353172675098,0
race,Caucasian,23,4,0,0.001070711434721102,0
race,Caucasian,52,3,0,0.0024902977951507697,0
race,Caucasian,52,4,0,0.0008016456262170368,0
race,Caucasian,58,4,0,0.0007989877997608499,0
race,Caucasian,46,3,0,0.002468168485099657,0
race,Caucasian,46,4,0,0.0010837103216248345,0
race,Caucasian,30,3,0,0.0012784085115306624,0
race,Caucasian,30,4,0,0.0011815493245879757,0
race,Caucasian,40,2,0,0.0015808983688822282,0
race,Caucasian,40,3,0,0.0015436275431168086,0
race,Caucasian,40,4,0,0.0006329363991575517,0
race,Caucasian,42,3,0,0.0009363373389757611,0
race,Caucasian,42,4,0,0.0015299183186892004,0
race,Caucasian,48,4,0,0.0011028737949753979,0
race,Caucasian,33,3,0,0.0021663428881510947,0
race,Caucasian,33,4,0,0.0012395553893963763,0
race,Caucasian,53,4,0,0.0008978312792915864,0
race,Caucasian,28,4,0,0.0017018561607904706,0
race,Caucasian,34,4,1,0.0018564188571606297,0
race,Caucasian,34,3,0,0.0021259760984223,0
race,Caucasian,34,4,0,0.0011163558170461162,0
race,Caucasian,25,4,1,0.0015116908142658349,0
race,Caucasian,25,3,0,0.0009218040181941748,0
race,Caucasian,25,4,0,0.00092472637603817,0
race,Caucasian,38,4,0,0.00090853266814066,0
race,Caucasian,27,4,0,0.0011772301853869322,0
race,Caucasian,36,4,0,0.0008940269523283303,0
race,Caucasian,32,4,0,0.0009940946919422627,0
race,Caucasian,61,4,0,0.0009449625930562408,0
race,Caucasian,43,2,0,0.0006311254937590782,0
race,Caucasian,43,4,0,0.0008045296271428984,0
race,Caucasian,63,2,0,0.0007631965599431079,0
race,Caucasian,35,3,0,0.0013778366172349692,0
race,Caucasian,31,2,0,0.001640252548328272,0
race,Caucasian,31,4,0,0.0012088741353419622,0
race,Caucasian,57,3,0,0.001183145365759461,0
race,Caucasian,56,3,0,0.0008289187941698922,0
race,Caucasian,56,4,0,0.0014606863493689302,0
race,Caucasian,60,4,0,0.0004417179930966494,0
race,Caucasian,49,4,0,0.001112620466586818,0
race,Caucasian,55,4,0,0.0015407988453668678,0
race,African-American,47,4,0,0.001311361870697633,0
race,African-American,39,4,0,0.001199945187268789,0
race,African-American,34,2,0,0.0014369404191877635,0
race,African-American,34,4,0,0.0016111882779304809,0
race,African-American,24,3,0,0.0021507130291081727,0
race,African-American,24,4,0,0.001286001916468723,0
race,African-American,33,4,0,0.0017985847040908924,0
race,African-American,33,4,1,0.005713561762713055,0
race,African-American,49,2,0,0.0013258682343239403,0
race,African-American,49,4,0,0.0009346811667665584,0
race,African-American,25,4,1,0.002122157228722477,0
race,African-American,25,3,0,0.002032606886464997,0
race,African-American,25,4,0,0.0020303569608569765,0
race,African-American,23,2,0,0.0011819621569891744,0
race,African-American,23,4,0,0.0015875074078471663,0
race,African-American,27,4,0,0.0013569920749914892,0
race,African-American,19,3,0,0.0033751632096698896,0
race,African-American,19,4,0,0.0027737506845159966,0
race,African-American,28,3,0,0.001308668214289675,0
race,African-American,28,4,0,0.001566075002251285,0
race,African-American,28,4,1,0.0019694251706592197,0
race,African-American,37,4,0,0.001475321138467306,0
race,African-American,30,2,0,0.0009400390977852342,0
race,African-American,30,3,0,0.001302512808972871,0
race,African-American,30,4,0,0.0017266820414731773,0
race,African-American,51,4,0,0.0009666285656080533,0
race,African-American,51,4,1,0.0007911538051339893,0
race,African-American,26,3,0,0.0010491070567187478,0
race,African-American,26,4,0,0.0015709363785757712,0
race,African-American,48,4,0,0.0009556706591911484,0
race,African-American,52,4,0,0.0013190481220287232,0
race,African-American,43,4,0,0.0005335061086973274,0
race,African-American,18,2,0,0.0020050896779465503,0
race,African-American,18,3,0,0.0013648692558140974,0
race,African-American,18,4,0,0.00165518713407242,0
race,African-American,20,4,0,0.001846213310956493,0
race,African-American,21,2,0,0.0013379485653559529,0
race,African-American,21,3,0,0.0015613564832092583,0
race,African-American,21,4,0,0.001705753266603127,0
race,African-American,21,3,1,0.002242311851662713,0
race,African-American,21,4,1,0.0020550767836952782,0
race,African-American,22,2,0,0.0013850289030594796,0
race,African-American,22,4,0,0.0013960644437157027,0
race,African-American,29,4,0,0.0018137701859957296,0
race,African-American,58,4,0,0.0014504452195132783,0
race,African-American,56,4,0,0.0012221345868908533,0
race,African-American,54,4,0,0.001618893447419151,0
race,African-American,50,4,0,0.001085659578007648,0
race,African-American,50,4,1,0.0015356580939030033,0
race,African-American,45,2,0,0.0010376030747271444,0
race,African-American,45,4,0,0.0010330267050314965,0
race,African-American,63,3,0,0.0013027703839213456,0
race,African-American,41,2,0,0.0009760933046610517,0
race,African-American,41,4,0,0.0013085754354514214,0
race,African-American,40,4,0,0.0013664010285444168,0
race,African-American,35,2,0,0.0020417893257037483,0
race,African-American,35,4,0,0.0011790283573596737,0
race,African-American,32,3,0,0.002456120956451881,0
race,African-American,32,4,0,0.0014866028716814571,0
race,African-American,36,3,0,0.001372785198320501,0
race,African-American,36,4,0,0.002057692877468361,0
race,African-American,38,4,0,0.0020553588632794897,0
race,African-American,31,4,0,0.00117823566599586,0
race,African-American,53,3,0,0.0007520338748752042,0
race,African-American,53,4,0,0.0009080829595542087,0
race,African-American,46,4,0,0.0016929353867725955,0
race,African-American,44,4,0,0.0012922991087005644,0
race,African-American,42,4,0,0.0014546631558878399,0
race,African-American,55,4,0,0.0006558941007088052,0
race,Other,25,4,0,0.0010838772898305175,0
race,Other,27,4,0,0.0015471504586491362,0
race,Other,39,3,0,0.0008956690202799565,0
race,Other,35,3,0,0.001095436232463392,0
race,Other,35,4,0,0.0013344263926595617,0
race,Other,29,2,0,0.0015768714662361346,0
race,Other,28,4,0,0.00046983761723880176,0
race,Other,43,4,0,0.0009952104346336581,0
race,Other,18,3,0,0.003385618928123401,0
race,Other,36,4,0,0.0010447505573744416,0
race,Other,26,4,0,0.0017862187793193465,0
race,Other,24,4,0,0.0009044440990055367,0
race,Other,21,3,0,0.001302332677097109,0
race,Other,21,4,0,0.0014958752905483868,0
race,Other,46,4,0,0.00072651637887396,0
race,Other,22,4,0,0.0018127111335031192,0
race,Other,45,4,0,0.0011286241248687793,0
race,Other,40,4,0,0.0010540612524270144,0
race,Hispanic,27,2,0,0.0009569957633260202,0
race,Hispanic,42,4,0,0.0015242689011450742,0
race,Hispanic,25,4,0,0.0024842668977499184,0
race,Hispanic,23,4,0,0.001755743369573279,0
race,Hispanic,49,4,0,0.0010198101115675453,0
race,Hispanic,38,3,0,0.0009046023917105644,0
race,Hispanic,21,4,0,0.0015466339071089357,0
race,Hispanic,35,2,0,0.0008233358205061047,0
race,Hispanic,35,3,0,0.003125720334534441,0
race,Hispanic,35,4,1,0.0016701859682070473,0
race,Hispanic,45,4,0,0.001477535755776939,0
race,Hispanic,24,4,0,0.001340579977291605,0
race,Hispanic,20,3,0,0.002471020368214786,0
race,Hispanic,20,4,0,0.0032234598713821116,0
race,Hispanic,28,4,1,0.001308184582165317,0
race,Hispanic,18,2,0,0.0033330895791174597,0
race,Hispanic,18,4,0,0.004064532566393736,0
race,Hispanic,32,4,0,0.001424828728218324,0
sex,male,37,3,0,0.001275818030775202,0
sex,male,37,4,0,0.0014345396607826188,0
sex,male,19,2,0,0.002324089901259866,0
sex,male,19,3,0,0.003412010206999652,0
sex,male,19,4,0,0.002494698199724772,0
sex,male,47,3,0,0.0010486748982765917,0
sex,male,47,4,0,0.001192376448459987,0
sex,male,25,3,0,0.0019157792945618747,0
sex,male,25,4,0,0.001805037718876049,0
sex,male,25,4,1,0.002122157228722477,0
sex,male,39,2,0,0.0009301808052511271,0
sex,male,39,3,0,0.0008586086044816754,0
sex,male,39,4,0,0.001199945187268789,0
sex,male,39,4,1,0.0022847625762674496,0
sex,male,44,2,0,0.0010818824061934681,0
sex,male,44,4,0,0.001160974054272918,0
sex,male,24,3,0,0.0021507130291081727,0
sex,male,24,4,0,0.001344907321526826,0
sex,male,33,3,0,0.0021663428881510947,0
sex,male,33,4,0,0.0017240395427764864,0
sex,male,33,4,1,0.005713561762713055,0
sex,male,27,4,0,0.001401230979869156,0
sex,male,49,2,0,0.0013258682343239403,0
sex,male,49,4,0,0.0009785258742034328,0
sex,male,21,2,0,0.0014993077122271833,0
sex,male,21,3,0,0.001302332677097109,0
sex,male,21,4,0,0.0016932265917329783,0
sex,male,21,3,1,0.002242311851662713,0
sex,male,21,4,1,0.0020550767836952782,0
sex,male,23,2,0,0.0011819621569891744,0
sex,male,23,3,0,0.0023425353172675098,0
sex,male,23,4,0,0.0015338827907087126,0
sex,male,23,4,1,0.00222898503139919,0
sex,male,45,2,0,0.0010376030747271444,0
sex,male,45,4,0,0.0014265370182954071,0
sex,male,28,3,0,0.001308668214289675,0
sex,male,28,4,0,0.001565120217516775,0
sex,male,28,4,1,0.0018881592861737192,0
sex,male,30,3,0,0.0012904606602517667,0
sex,male,30,4,0,0.0015086289547190967,0
sex,male,26,3,0,0.0010491070567187478,0
sex,male,26,4,0,0.0015860920128535684,0
sex,male,20,3,0,0.0025857993994539957,0
sex,male,20,4,0,0.002033764028325958,0
sex,male,20,4,1,0.0044784945524151505,0
sex,male,51,4,0,0.0011158023103902976,0
sex,male,51,4,1,0.0007911538051339893,0
sex,male,48,4,0,0.0010454086310801385,0
sex,male,42,3,0,0.0009363373389757611,0
sex,male,42,4,0,0.0015096921736028287,0
sex,male,41,2,0,0.0009760933046610517,0
sex,male,41,4,0,0.0009719517623632574,0
sex,male,52,3,0,0.0024902977951507697,0
sex,male,52,4,0,0.0010433119554970028,0
sex,male,43,2,0,0.0006311254937590782,0
sex,male,43,4,0,0.0005335061086973274,0
sex,male,29,2,0,0.0015768714662361346,0
sex,male,29,4,0,0.0015523975317063214,0
sex,male,18,2,0,0.0024477563116701868,0
sex,male,18,3,0,0.0023752440919687493,0
sex,male,18,4,0,0.002526826234969963,0
sex,male,22,2,0,0.0013850289030594796,0
sex,male,22,4,0,0.0015518713548915914,0
sex,male,50,4,0,0.0010584568632604438,0
sex,male,50,4,1,0.0015356580939030033,0
sex,male,35,2,0,0.0014325625731049264,0
sex,male,35,3,0,0.0018663310614109342,0
sex,male,35,4,0,0.001125138339891794,0
sex,male,56,3,0,0.0008289187941698922,0
sex,male,56,4,0,0.0012698449393864688,0
sex,male,40,3,0,0.0015436275431168086,0
sex,male,40,4,0,0.0009963197981092454,0
sex,male,46,3,0,0.002468168485099657,0
sex,male,46,4,0,0.0011657680026805914,0
sex,male,54,4,0,0.001618893447419151,0
sex,male,38,3,0,0.0009046023917105644,0
sex,male,38,4,0,0.0017686523144947821,0
sex,male,63,3,0,0.0013027703839213456,0
sex,male,53,4,0,0.0008995398926686901,0
sex,male,34,4,1,0.0018564188571606297,0
sex,male,34,2,0,0.0014369404191877635,0
sex,male,34,3,0,0.0021259760984223,0
sex,male,34,4,0,0.0010907513412713257,0
sex,male,32,3,0,0.002456120956451881,0
sex,male,32,4,0,0.0013942224844810693,0
sex,male,36,3,0,0.001372785198320501,0
sex,male,36,4,0,0.0012603052361363934,0
sex,male,31,2,0,0.001640252548328272,0
sex,male,31,4,0,0.0010763126992175927,0
sex,male,61,4,0,0.0009449625930562408,0
sex,male,57,3,0,0.001183145365759461,0
sex,male,60,4,0,0.0004417179930966494,0
sex,male,55,4,0,0.0010983464730378364,0
sex,female,34,4,0,0.002677666627023581,0
sex,female,27,2,0,0.0009569957633260202,0
sex,female,27,4,0,0.0005212368361811318,0
sex,female,54,3,0,0.00161991646431873,0
sex,female,39,2,0,0.002039739156464979,0
sex,female,39,3,0,0.0009327294360782375,0
sex,female,22,2,0,0.001274050804666246,0
sex,female,22,4,0,0.0015016159471213575,0
sex,female,22,4,1,0.0015443507964037514,0
sex,female,26,4,0,0.0019185552779257455,0
sex,female,58,4,0,0.001124716509637064,0
sex,female,52,4,0,0.0011114516300005119,0
sex,female,46,4,0,0.0010895684008544503,0
sex,female,29,3,0,0.0009646167252938467,0
sex,female,29,4,0,0.0019288401589290121,0
sex,female,41,4,0,0.0012979163836840826,0
sex,female,25,3,0,0.0011554592020004196,0
sex,female,25,4,1,0.0015116908142658349,0
sex,female,21,3,0,0.0015613564832092583,0
sex,female,21,4,0,0.0016054783923592465,0
sex,female,40,2,0,0.0015808983688822282,0
sex,female,40,4,0,0.0007107713479257541,0
sex,female,43,4,0,0.0008998700308882783,0
sex,female,28,4,0,0.0007499929969277665,0
sex,female,28,4,1,0.0014707163511363179,0
sex,female,35,4,1,0.0016701859682070473,0
sex,female,35,4,0,0.0014960964450632006,0
sex,female,31,4,0,0.0015146430356767645,0
sex,female,63,2,0,0.0007631965599431079,0
sex,female,19,2,0,0.0037113595157734366,0
sex,female,19,3,0,0.0033383162123401273,0
sex,female,19,4,0,0.0027239105934929115,0
sex,female,53,3,0,0.0007520338748752042,0
sex,female,24,4,0,0.0009989469016778835,0
sex,female,48,4,0,0.0008013870713146966,0
sex,female,30,2,0,0.0009400390977852342,0
sex,female,33,4,0,0.0008669483731514048,0
race,Hispanic,43,4,0,0.0011902926703355973,1
race,Hispanic,35,2,0,0.001324623114795538,1
race,Hispanic,22,4,0,0.0013489467427861208,1
race,Hispanic,23,4,0,0.0011841845600329731,1
race,Hispanic,19,4,0,0.0010471967344044576,1
race,Hispanic,54,4,0,0.00123614543206204,1
race,Hispanic,30,3,0,0.0010459651811371138,1
race,Hispanic,34,3,0,0.0010656843327880017,1
race,Hispanic,34,4,0,0.0012845279938217423,1
race,Hispanic,29,4,0,0.0009982461211787753,1
race,Hispanic,21,4,0,0.0012197162045239675,1
race,Hispanic,50,4,0,0.0006213272847229741,1
race,Hispanic,31,2,0,0.0010863431962108696,1
race,Hispanic,31,4,0,0.001161024450397365,1
race,Hispanic,39,4,0,0.0012832755238938037,1
race,Hispanic,20,3,0,0.0012600307103917722,1
race,Hispanic,37,4,0,0.0007566257798298358,1
race,Hispanic,24,4,1,0.0014532806509628357,1
race,Hispanic,33,4,0,0.001112311232778683,1
race,Hispanic,57,4,0,0.0009949848680396048,1
race,Hispanic,32,4,0,0.0008173155230960235,1
race,Hispanic,48,4,0,0.0009050191600390463,1
race,Hispanic,49,4,0,0.0011248042117765202,1
race,Hispanic,41,4,0,0.001180581111847631,1
race,Hispanic,26,4,0,0.0006148450894312805,1
race,Hispanic,28,4,0,0.0018498993868802183,1
race,Hispanic,46,3,0,0.0009709972848360142,1
race,Other,27,4,0,0.000898739417215959,1
race,Other,20,4,0,0.001437013538231241,1
race,Other,40,4,0,0.0006658633966639463,1
race,Other,18,2,0,0.0017140348204786884,1
race,Other,18,4,0,0.001052075316941337,1
race,Other,22,3,0,0.0020743438730625157,1
race,Other,22,4,0,0.0011921229075648435,1
race,Other,28,4,0,0.0013542393677885205,1
race,Other,36,3,0,0.0017121437477744192,1
race,Other,49,4,0,0.0008406589139859583,1
race,Other,33,4,0,0.0012806739329238295,1
race,Other,30,4,0,0.0013050466824248061,1
race,Other,50,4,0,0.0005816293191519959,1
race,Other,23,4,0,0.0035373125644000258,1
race,Other,54,4,0,0.0007802033953568599,1
race,Other,21,4,0,0.0023660418284793356,1
race,Other,45,4,0,0.0013638008932368364,1
race,African-American,30,3,0,0.000781539641213368,1
race,African-American,30,4,0,0.0015375728225102644,1
race,African-American,25,4,1,0.001733151965634386,1
race,African-American,25,2,0,0.0013527789488427563,1
race,African-American,25,4,0,0.0011016329203768862,1
race,African-American,26,2,0,0.0011859642774615974,1
race,African-American,26,4,0,0.0013720010615112703,1
race,African-American,26,4,1,0.002315703037342237,1
race,African-American,19,2,0,0.0012957055169415766,1
race,African-American,19,3,0,0.0023210605807454207,1
race,African-American,19,4,0,0.0015031033521189375,1
race,African-American,19,3,1,0.002349794997852248,1
race,African-American,19,4,1,0.0010453826929222847,1
race,African-American,39,4,0,0.0013649659489336618,1
race,African-American,20,3,0,0.0010442231371176089,1
race,African-American,20,4,0,0.0014467356000386594,1
race,African-American,23,2,0,0.0012882277316313643,1
race,African-American,23,4,0,0.001487590965498043,1
race,African-American,23,3,1,0.0017018548068600077,1
race,African-American,60,4,0,0.000947107099778826,1
race,African-American,24,2,0,0.0008644973911318448,1
race,African-American,24,4,0,0.0020773739660789273,1
race,African-American,24,4,1,0.0021928779620463434,1
race,African-American,21,2,0,0.0015782451296597784,1
race,African-American,21,4,0,0.0016900435805498651,1
race,African-American,21,4,1,0.0020988536305429416,1
race,African-American,22,2,0,0.0009134935794236606,1
race,African-American,22,3,0,0.0013042084945399425,1
race,African-American,22,4,0,0.0015224565322966052,1
race,African-American,49,4,0,0.0010833895004616308,1
race,African-American,36,4,1,0.0015822096686189096,1
race,African-American,36,4,0,0.0016194276355255095,1
race,African-American,43,4,0,0.000749583339902317,1
race,African-American,28,2,0,0.0009912360674444827,1
race,African-American,28,4,0,0.0012780978088593545,1
race,African-American,28,4,1,0.0012538613335340049,1
race,African-American,32,2,0,0.0011048459602628453,1
race,African-American,32,3,0,0.0008707317057855165,1
race,African-American,32,4,0,0.0019489777040880962,1
race,African-American,33,4,0,0.001820938088885294,1
race,African-American,47,4,0,0.0008499430458239041,1
race,African-American,45,4,0,0.0011600003433951305,1
race,African-American,38,4,0,0.00133079882051351,1
race,African-American,29,3,0,0.0014419593284938465,1
race,African-American,29,4,0,0.0013544139391411787,1
race,African-American,35,4,0,0.0016678706439327328,1
race,African-American,35,4,1,0.0021902999983675433,1
race,African-American,31,4,0,0.0014102926001282859,1
race,African-American,46,2,0,0.000881941677621405,1
race,African-American,46,3,0,0.0009559114527285482,1
race,African-American,46,4,0,0.0012101022379903377,1
race,African-American,27,2,0,0.0009962386431613334,1
race,African-American,27,4,0,0.0017631463799122297,1
race,African-American,50,4,0,0.0038576085656093035,1
race,African-American,44,4,0,0.00402783369764033,1
race,African-American,41,4,0,0.0007538648943409361,1
race,African-American,18,2,0,0.0010925714998685217,1
race,African-American,18,3,0,0.0019348415713618932,1
race,African-American,18,4,0,0.0015204081282490494,1
race,African-American,34,4,0,0.0010293486711361864,1
race,African-American,40,3,0,0.0007851870680236319,1
race,African-American,40,4,0,0.0011468396383083924,1
race,African-American,37,4,0,0.001322310408555914,1
race,African-American,42,2,0,0.0006688843637567467,1
race,African-American,42,3,0,0.0012682140806566965,1
race,African-American,42,4,0,0.0011723485532827028,1
race,African-American,48,4,0,0.0007953560106202797,1
race,African-American,51,2,0,0.0008186737743040504,1
race,African-American,51,4,0,0.0014149222920030763,1
race,African-American,56,4,0,0.0006888000332182152,1
race,African-American,62,4,0,0.001946366407646653,1
race,African-American,52,4,0,0.0009787892599437355,1
race,African-American,53,2,0,0.0012990208660732013,1
race,African-American,53,4,0,0.0014979191537911067,1
race,African-American,59,4,0,0.0017130482547145264,1
race,Caucasian,43,2,0,0.0006357452407065055,1
race,Caucasian,43,4,0,0.0014571681446682507,1
race,Caucasian,45,4,0,0.001128491362072613,1
race,Caucasian,31,2,0,0.0010797591178750997,1
race,Caucasian,31,3,0,0.0009384775292675464,1
race,Caucasian,31,4,0,0.0009797648782427593,1
race,Caucasian,33,4,0,0.0008415572631551065,1
race,Caucasian,33,4,1,0.0010935041219942475,1
race,Caucasian,19,4,1,0.0014812417386648468,1
race,Caucasian,19,4,0,0.0017118057124992877,1
race,Caucasian,21,4,0,0.0015536463371390273,1
race,Caucasian,21,4,1,0.0014656905253926562,1
race,Caucasian,36,3,0,0.0010265296665594873,1
race,Caucasian,36,4,0,0.0014014496711072767,1
race,Caucasian,47,4,0,0.0019891515468998503,1
race,Caucasian,37,4,0,0.0009597019605235197,1
race,Caucasian,22,2,0,0.0012919840865022142,1
race,Caucasian,22,3,0,0.001048664981747052,1
race,Caucasian,22,4,0,0.0011770542272658121,1
race,Caucasian,26,2,0,0.00089703240086293,1
race,Caucasian,26,4,0,0.001568474745680742,1
race,Caucasian,28,4,0,0.0009064032180903724,1
race,Caucasian,41,4,0,0.0013899573225589561,1
race,Caucasian,35,2,0,0.001110835748506062,1
race,Caucasian,35,4,0,0.0013917033133307869,1
race,Caucasian,42,4,0,0.0010406124700049657,1
race,Caucasian,25,3,0,0.0009679769149079984,1
race,Caucasian,25,4,0,0.001240840142968295,1
race,Caucasian,27,4,0,0.0013254301108891653,1
race,Caucasian,18,4,0,0.000962853939521767,1
race,Caucasian,49,4,0,0.0009254778864034798,1
race,Caucasian,55,4,0,0.0009492426892321567,1
race,Caucasian,30,4,0,0.0013784829811426538,1
race,Caucasian,30,4,1,0.0020767275553195776,1
race,Caucasian,20,3,0,0.001915406743671939,1
race,Caucasian,20,4,0,0.0015692265363424977,1
race,Caucasian,20,4,1,0.0008031658309624226,1
race,Caucasian,54,3,0,0.0006518143653755574,1
race,Caucasian,54,4,0,0.0012827412996785094,1
race,Caucasian,29,2,0,0.0010618287412594292,1
race,Caucasian,29,4,0,0.0018738230437033458,1
race,Caucasian,34,3,0,0.001766594310524956,1
race,Caucasian,34,4,0,0.0014408476207655512,1
race,Caucasian,23,4,0,0.001237297850920159,1
race,Caucasian,32,2,0,0.0010276751246150464,1
race,Caucasian,32,4,0,0.0010469145798096095,1
race,Caucasian,68,4,0,0.0010687626955857368,1
race,Caucasian,46,4,0,0.0008947260700465896,1
race,Caucasian,52,4,0,0.0005932638205053408,1
race,Caucasian,53,4,0,0.0005903313351169708,1
race,Caucasian,24,4,0,0.0013900302189761681,1
race,Caucasian,51,4,0,0.0006913776646413312,1
race,Caucasian,50,2,0,0.0007822983185367426,1
race,Caucasian,50,3,0,0.001040047285030812,1
race,Caucasian,50,4,0,0.001269434741643162,1
race,Caucasian,62,4,0,0.00145865339819905,1
race,Caucasian,63,4,0,0.0010954513478897768,1
race,Caucasian,44,2,0,0.0007999696826712291,1
race,Caucasian,44,4,0,0.0022035571642167497,1
race,Caucasian,56,4,0,0.00041371668029442155,1
race,Caucasian,40,4,0,0.0015607535406717949,1
race,Caucasian,60,4,0,0.0008750796328915449,1
sex,male,43,2,0,0.0006357452407065055,1
sex,male,43,4,0,0.001019762967082383,1
sex,male,27,2,0,0.0009962386431613334,1
sex,male,27,4,0,0.0015124974120121534,1
sex,male,30,3,0,0.0010459651811371138,1
sex,male,30,4,0,0.0015703073236686248,1
sex,male,30,4,1,0.0020767275553195776,1
sex,male,25,4,1,0.001733151965634386,1
sex,male,25,2,0,0.0013527789488427563,1
sex,male,25,3,0,0.0009679769149079984,1
sex,male,25,4,0,0.0011364347260247383,1
sex,male,26,2,0,0.0011859642774615974,1
sex,male,26,4,0,0.0013019157755224556,1
sex,male,26,4,1,0.002315703037342237,1
sex,male,19,2,0,0.0012957055169415766,1
sex,male,19,3,0,0.0023210605807454207,1
sex,male,19,4,0,0.0015375490633741122,1
sex,male,19,3,1,0.002349794997852248,1
sex,male,19,4,1,0.0012787507889669685,1
sex,male,39,4,0,0.0013649659489336618,1
sex,male,20,3,0,0.0015109402216923959,1
sex,male,20,4,0,0.0015900194207986889,1
sex,male,20,4,1,0.0008031658309624226,1
sex,male,45,4,0,0.0011951959901942981,1
sex,male,23,2,0,0.0012882277316313643,1
sex,male,23,4,0,0.0016199267705630516,1
sex,male,23,3,1,0.0017018548068600077,1
sex,male,60,4,0,0.0009230979441497324,1
sex,male,40,3,0,0.0007851870680236319,1
sex,male,40,4,0,0.0010461613383787242,1
sex,male,24,2,0,0.000770344675580315,1
sex,male,24,4,0,0.001927959068709494,1
sex,male,24,4,1,0.0019463455250185076,1
sex,male,21,2,0,0.0015782451296597784,1
sex,male,21,4,0,0.0016468759954092519,1
sex,male,21,4,1,0.0020988536305429416,1
sex,male,22,2,0,0.0010396570817831784,1
sex,male,22,3,0,0.0014328564609723633,1
sex,male,22,4,0,0.0014069162477255838,1
sex,male,49,4,0,0.0010304689619938282,1
sex,male,36,4,1,0.0015822096686189096,1
sex,male,36,3,0,0.0017121437477744192,1
sex,male,36,4,0,0.0015662241204214167,1
sex,male,18,2,0,0.0017140348204786884,1
sex,male,18,3,0,0.0019348415713618932,1
sex,male,18,4,0,0.0012023564938201375,1
sex,male,33,4,0,0.0016107746252338197,1
sex,male,33,4,1,0.0010935041219942475,1
sex,male,28,2,0,0.0009912360674444827,1
sex,male,28,4,0,0.0012924511707162198,1
sex,male,28,4,1,0.0012538613335340049,1
sex,male,32,2,0,0.0010662605424389458,1
sex,male,32,3,0,0.0008707317057855165,1
sex,male,32,4,0,0.0017700941069425894,1
sex,male,47,4,0,0.001237294706048495,1
sex,male,37,4,0,0.001090237139366296,1
sex,male,38,4,0,0.00133079882051351,1
sex,male,29,2,0,0.0010618287412594292,1
sex,male,29,3,0,0.0014419593284938465,1
sex,male,29,4,0,0.0014367439515297255,1
sex,male,35,2,0,0.0012587585413874442,1
sex,male,35,4,0,0.0015100607407316207,1
sex,male,35,4,1,0.0021902999983675433,1
sex,male,31,2,0,0.0010863431962108696,1
sex,male,31,4,0,0.0013093540916281063,1
sex,male,46,2,0,0.000881941677621405,1
sex,male,46,3,0,0.0009634543687822812,1
sex,male,46,4,0,0.0011312581960044009,1
sex,male,42,4,0,0.0009724854749962787,1
sex,male,50,2,0,0.0007822983185367426,1
sex,male,50,3,0,0.001040047285030812,1
sex,male,50,4,0,0.0033322512893755115,1
sex,male,54,3,0,0.0006518143653755574,1
sex,male,54,4,0,0.0010996967090324697,1
sex,male,55,4,0,0.0009492426892321567,1
sex,male,34,3,0,0.0014161393216564789,1
sex,male,34,4,0,0.0011673592613128075,1
sex,male,44,2,0,0.0007999696826712291,1
sex,male,44,4,0,0.003298123084270898,1
sex,male,41,4,0,0.0009672230030942835,1
sex,male,68,4,0,0.0010687626955857368,1
sex,male,52,4,0,0.0007860265402245381,1
sex,male,53,2,0,0.0012990208660732013,1
sex,male,53,4,0,0.0010441252444540387,1
sex,male,51,2,0,0.0008186737743040504,1
sex,male,51,4,0,0.0010531499783222038,1
sex,male,48,4,0,0.000936817717342746,1
sex,male,57,4,0,0.0009949848680396048,1
sex,male,62,4,0,0.0017025099029228516,1
sex,male,56,4,0,0.0005512583567563184,1
sex,male,59,4,0,0.0017130482547145264,1
sex,female,43,4,0,0.0012545641439671346,1
sex,female,35,2,0,0.0011437680352101088,1
sex,female,24,2,0,0.0009586501066833746,1
sex,female,24,4,0,0.0009118321089872507,1
sex,female,31,2,0,0.0010797591178750997,1
sex,female,31,3,0,0.0009384775292675464,1
sex,female,21,4,0,0.0014410528475766687,1
sex,female,21,4,1,0.0014656905253926562,1
sex,female,36,3,0,0.0010265296665594873,1
sex,female,36,4,0,0.0014494892822095088,1
sex,female,47,4,0,0.001590376646876346,1
sex,female,49,4,0,0.00090462575719742,1
sex,female,28,4,0,0.0011370779344957636,1
sex,female,30,3,0,0.000781539641213368,1
sex,female,30,4,0,0.0012782876535672903,1
sex,female,26,2,0,0.00089703240086293,1
sex,female,41,4,0,0.0013899573225589561,1
sex,female,23,4,0,0.0013245859664593428,1
sex,female,27,4,0,0.0011640916596741694,1
sex,female,18,2,0,0.0010925714998685217,1
sex,female,18,4,0,0.00148454207987492,1
sex,female,29,4,0,0.0008590151266325666,1
sex,female,32,4,0,0.0013793240443165842,1
sex,female,34,4,0,0.0016909613016501104,1
sex,female,42,2,0,0.0006688843637567467,1
sex,female,42,3,0,0.0012682140806566965,1
sex,female,42,4,0,0.0012427345016612088,1
sex,female,39,4,0,0.0012832755238938037,1
sex,female,20,3,0,0.001758826706724005,1
sex,female,20,4,0,0.0009239905381263876,1
sex,female,22,4,0,0.0011965983769860221,1
sex,female,50,4,0,0.00088346321865579,1
sex,female,63,4,0,0.0010954513478897768,1
sex,female,33,4,0,0.001195837495146638,1
sex,female,19,4,1,0.001014505546575479,1
sex,female,40,4,0,0.001784525398535026,1
sex,female,48,4,0,0.0006220957465941138,1
race,African-American,35,3,0,0.001622165074833688,2
race,African-American,35,4,0,0.0020214750195209448,2
race,African-American,42,4,0,0.00201632102680222,2
race,African-American,21,2,0,0.0018609307270023268,2
race,African-American,21,4,0,0.0022156719673759413,2
race,African-American,21,4,1,0.0031859108753137704,2
race,African-American,26,2,0,0.0021642363535757927,2
race,African-American,26,4,0,0.0028651319004304883,2
race,African-American,47,4,0,0.0035577810454800675,2
race,African-American,18,3,0,0.0038378641148164028,2
race,African-American,18,4,0,0.0023835512984284823,2
race,African-American,25,4,0,0.001706395748726354,2
race,African-American,25,4,1,0.0014885913475282014,2
race,African-American,68,4,0,0.0015263380268108941,2
race,African-American,19,2,0,0.003907753372162822,2
race,African-American,19,3,0,0.003148125339078594,2
race,African-American,19,4,0,0.0027456409142513657,2
race,African-American,24,3,1,0.0022863410257441697,2
race,African-American,24,2,0,0.0015446613056158541,2
race,African-American,24,4,0,0.0017447814282450544,2
race,African-American,44,4,0,0.002379830292698839,2
race,African-American,32,2,0,0.0017689599742542934,2
race,African-American,32,3,0,0.0017192608723291777,2
race,African-American,32,4,0,0.002198855402465835,2
race,African-American,32,4,1,0.002737134297292021,2
race,African-American,22,2,0,0.001677501594821203,2
race,African-American,22,4,0,0.0025732380817412993,2
race,African-American,34,3,0,0.001644427736990329,2
race,African-American,34,4,0,0.0022349988498454516,2
race,African-American,46,4,0,0.0014352762453421323,2
race,African-American,23,2,0,0.001875569217065678,2
race,African-American,23,3,0,0.001968089977582418,2
race,African-American,23,4,0,0.0030265066356452677,2
race,African-American,30,4,0,0.001956851893774711,2
race,African-American,56,3,0,0.0013720851589446765,2
race,African-American,56,4,0,0.0023190886055723696,2
race,African-American,33,4,0,0.0016045572165150044,2
race,African-American,33,4,1,0.0014507719002271385,2
race,African-American,31,4,0,0.0030712353173713877,2
race,African-American,40,4,0,0.001749235093997475,2
race,African-American,59,4,0,0.0019222324785384722,2
race,African-American,48,4,0,0.0014612598710023168,2
race,African-American,20,2,0,0.0028348971819893275,2
race,African-American,20,3,0,0.0017633177894800182,2
race,African-American,20,4,0,0.0023657498370680537,2
race,African-American,66,4,0,0.0011258833215936094,2
race,African-American,29,2,0,0.0014430713677830555,2
race,African-American,29,4,0,0.0017553049923271097,2
race,African-American,29,4,1,0.0022502871422856014,2
race,African-American,27,2,0,0.0016311129214643888,2
race,African-American,27,3,0,0.002081205082012172,2
race,African-American,27,4,0,0.0017400114678415208,2
race,African-American,28,4,0,0.002409540653501084,2
race,African-American,55,4,0,0.0020288888249280824,2
race,African-American,54,4,0,0.0011403995727854142,2
race,African-American,39,4,0,0.0019284963239301152,2
race,African-American,58,4,0,0.002562404729352509,2
race,African-American,49,3,0,0.0012823649196725096,2
race,African-American,49,4,0,0.0014149430154310496,2
race,African-American,45,4,0,0.003523819256444186,2
race,African-American,36,4,0,0.0016024616781191046,2
race,African-American,50,4,0,0.002264232154102316,2
race,African-American,37,4,0,0.001755478074369736,2
race,African-American,51,4,0,0.001821034364057749,2
race,African-American,43,3,0,0.0012174895316220515,2
race,African-American,57,4,0,0.0011254932434260647,2
race,African-American,60,2,0,0.0018243921127675778,2
race,African-American,41,4,0,0.0011479126310719307,2
race,Hispanic,21,2,0,0.002138747650004977,2
race,Hispanic,26,4,0,0.0014353002476209223,2
race,Hispanic,42,4,0,0.0017055850323887292,2
race,Hispanic,20,4,0,0.002810220322324516,2
race,Hispanic,31,4,0,0.0012068720863295077,2
race,Hispanic,45,3,0,0.0016540782985849263,2
race,Hispanic,24,4,0,0.0019128949456266218,2
race,Hispanic,49,4,0,0.0014536941811054461,2
race,Hispanic,19,4,0,0.004026605273553471,2
race,Hispanic,51,4,0,0.0013969706983790774,2
race,Hispanic,43,2,0,0.001431510015801103,2
race,Hispanic,33,4,0,0.0011664287890883278,2
race,Hispanic,34,4,0,0.002438018880975126,2
race,Hispanic,27,4,0,0.0018460400202730404,2
race,Hispanic,25,2,0,0.0016420617772268708,2
race,Hispanic,25,4,0,0.0017323646932453352,2
race,Hispanic,32,4,0,0.002168684381144615,2
race,Hispanic,22,4,0,0.0025495437316963025,2
race,Hispanic,30,4,0,0.002195913255444131,2
race,Other,33,3,0,0.0020740472472004327,2
race,Other,33,4,0,0.0015080305693144945,2
race,Other,21,4,0,0.0023956655741961532,2
race,Other,34,2,0,0.0020728882418895134,2
race,Other,34,4,0,0.001956069844909992,2
race,Other,22,4,0,0.0012494947963672099,2
race,Other,19,4,0,0.0025546301470563072,2
race,Other,26,4,0,0.0014604867190114524,2
race,Other,50,2,0,0.0014471560613438595,2
race,Other,31,4,1,0.0015526502443038654,2
race,Other,61,4,0,0.0039282306602772005,2
race,Other,43,4,0,0.0017735570551608783,2
race,Other,38,4,0,0.0017328541766195814,2
race,Other,40,4,0,0.0016283722919412894,2
race,Other,46,4,0,0.0020427611327498096,2
race,Other,18,4,0,0.0023033386011222035,2
race,Other,27,4,0,0.0021945918337438167,2
race,Other,45,4,0,0.002022123720934834,2
race,Other,52,3,0,0.0018190952735819897,2
race,Caucasian,18,4,0,0.0031021777837041318,2
race,Caucasian,22,2,0,0.0016668440248091283,2
race,Caucasian,22,4,0,0.0023161244621715876,2
race,Caucasian,25,3,0,0.0015950418884918157,2
race,Caucasian,25,4,0,0.0023069364436345582,2
race,Caucasian,24,4,0,0.0018609857723153181,2
race,Caucasian,23,3,0,0.0025284112286944743,2
race,Caucasian,23,4,0,0.002109185353180532,2
race,Caucasian,30,4,0,0.0017203250723384605,2
race,Caucasian,29,4,0,0.0014562290138405896,2
race,Caucasian,46,4,0,0.002030402389181786,2
race,Caucasian,27,4,0,0.0017379080878022202,2
race,Caucasian,27,4,1,0.001382904983978214,2
race,Caucasian,38,3,0,0.0013300021784399144,2
race,Caucasian,38,4,0,0.0014024894185149528,2
race,Caucasian,21,3,0,0.0022116230993261513,2
race,Caucasian,21,4,0,0.002374932773478847,2
race,Caucasian,48,4,0,0.0012291285280023843,2
race,Caucasian,56,3,0,0.0019862337737065515,2
race,Caucasian,56,4,0,0.0013357201652909377,2
race,Caucasian,39,4,0,0.001319845347082367,2
race,Caucasian,39,2,1,0.001643417883601462,2
race,Caucasian,50,4,0,0.0010253035019653757,2
race,Caucasian,31,2,0,0.001634309276388143,2
race,Caucasian,31,4,0,0.001830997272181136,2
race,Caucasian,52,4,0,0.0017035932304308565,2
race,Caucasian,40,4,0,0.0013167469053864576,2
race,Caucasian,36,4,0,0.002264769467958215,2
race,Caucasian,34,4,0,0.0017928445352629017,2
race,Caucasian,42,3,0,0.0016211251076126163,2
race,Caucasian,42,4,0,0.0012471893873443839,2
race,Caucasian,58,3,0,0.0017779105654323936,2
race,Caucasian,58,4,0,0.0017937992370639826,2
race,Caucasian,51,2,0,0.001755520789495554,2
race,Caucasian,51,4,0,0.0011735646176517355,2
race,Caucasian,19,3,0,0.0021849854162430404,2
race,Caucasian,19,4,0,0.002621546057544725,2
race,Caucasian,41,4,0,0.0011969864362107614,2
race,Caucasian,26,3,0,0.0029794864049668096,2
race,Caucasian,26,4,0,0.0027603153136863206,2
race,Caucasian,35,4,0,0.0015968351558303423,2
race,Caucasian,35,4,1,0.0016838119442115944,2
race,Caucasian,28,4,0,0.002092846430754707,2
race,Caucasian,45,4,0,0.001170088811609321,2
race,Caucasian,59,4,0,0.001250694897071955,2
race,Caucasian,20,2,0,0.0031651453894279208,2
race,Caucasian,20,3,0,0.002386678994200922,2
race,Caucasian,20,4,0,0.002063328315670269,2
race,Caucasian,47,2,0,0.0017353514126049081,2
race,Caucasian,47,4,0,0.0015344340400756096,2
race,Caucasian,44,4,0,0.0017028749613028139,2
race,Caucasian,49,4,0,0.0016375345860359504,2
race,Caucasian,69,4,0,0.0012184672594733467,2
race,Caucasian,33,4,0,0.0008706131716350378,2
race,Caucasian,55,4,0,0.001619257094001784,2
race,Caucasian,37,4,0,0.0012879651933715508,2
race,Caucasian,43,4,0,0.0017424458094661014,2
sex,male,35,3,0,0.001622165074833688,2
sex,male,35,4,0,0.0018622350706369688,2
sex,male,35,4,1,0.0016838119442115944,2
sex,male,42,3,0,0.0016211251076126163,2
sex,male,42,4,0,0.001797781630694234,2
sex,male,21,2,0,0.0019662448777462093,2
sex,male,21,4,0,0.0022942769586097745,2
sex,male,21,4,1,0.0031859108753137704,2
sex,male,26,2,0,0.0021642363535757927,2
sex,male,26,3,0,0.0029794864049668096,2
sex,male,26,4,0,0.002627391932249053,2
sex,male,47,2,0,0.0017353514126049081,2
sex,male,47,4,0,0.003051944294128953,2
sex,male,33,3,0,0.0020740472472004327,2
sex,male,33,4,0,0.0014459823265766101,2
sex,male,33,4,1,0.0014507719002271385,2
sex,male,18,3,0,0.0038378641148164028,2
sex,male,18,4,0,0.0025291904044974865,2
sex,male,25,2,0,0.0016420617772268708,2
sex,male,25,3,0,0.0015950418884918157,2
sex,male,25,4,0,0.0018935625172150602,2
sex,male,25,4,1,0.0014885913475282014,2
sex,male,68,4,0,0.0015263380268108941,2
sex,male,19,2,0,0.003907753372162822,2
sex,male,19,3,0,0.0028270786981334094,2
sex,male,19,4,0,0.002810883552613831,2
sex,male,22,2,0,0.001715070470422112,2
sex,male,22,4,0,0.0025140756709202045,2
sex,male,46,4,0,0.0018847105391138785,2
sex,male,24,4,0,0.0017742665081026362,2
sex,male,23,2,0,0.001875569217065678,2
sex,male,23,3,0,0.0022514290462056982,2
sex,male,23,4,0,0.0026988918919078624,2
sex,male,30,4,0,0.0017519959459126697,2
sex,male,56,3,0,0.0017815175687859268,2
sex,male,56,4,0,0.0018274043854316535,2
sex,male,29,2,0,0.0014430713677830555,2
sex,male,29,4,0,0.0014875549167097373,2
sex,male,29,4,1,0.0022502871422856014,2
sex,male,44,4,0,0.0015936917871706459,2
sex,male,31,4,0,0.0030712353173713877,2
sex,male,31,4,1,0.0015526502443038654,2
sex,male,40,4,0,0.0014655696204196275,2
sex,male,59,4,0,0.0015864636878052136,2
sex,male,38,3,0,0.0013300021784399144,2
sex,male,48,4,0,0.0013617750097166313,2
sex,male,27,2,0,0.0016057437428741352,2
sex,male,27,4,0,0.001696563571356492,2
sex,male,32,4,1,0.002737134297292021,2
sex,male,32,3,0,0.0017192608723291777,2
sex,male,32,4,0,0.0022915775661153507,2
sex,male,20,2,0,0.003000021285708624,2
sex,male,20,3,0,0.0020465292494132397,2
sex,male,20,4,0,0.002369092077722574,2
sex,male,39,4,0,0.0015773460132206824,2
sex,male,39,2,1,0.001643417883601462,2
sex,male,50,2,0,0.0014471560613438595,2
sex,male,50,4,0,0.001644767828033846,2
sex,male,66,4,0,0.0011258833215936094,2
sex,male,45,3,0,0.0016540782985849263,2
sex,male,45,4,0,0.002220791675929663,2
sex,male,52,3,0,0.0018190952735819897,2
sex,male,52,4,0,0.0017035932304308565,2
sex,male,61,4,0,0.0039282306602772005,2
sex,male,49,3,0,0.0012823649196725096,2
sex,male,49,4,0,0.0014840381733440822,2
sex,male,51,4,0,0.001440636316628611,2
sex,male,43,2,0,0.001431510015801103,2
sex,male,43,3,0,0.0012174895316220515,2
sex,male,43,4,0,0.0017735570551608783,2
sex,male,36,4,0,0.0017086220506507036,2
sex,male,34,4,0,0.0021019370340202913,2
sex,male,28,4,0,0.0023089936262889583,2
sex,male,54,4,0,0.0011403995727854142,2
sex,male,58,3,0,0.0017779105654323936,2
sex,male,58,4,0,0.002308990763242293,2
sex,male,41,4,0,0.001172449533641346,2
sex,male,37,4,0,0.001599640447370341,2
sex,male,69,4,0,0.0012184672594733467,2
sex,male,57,4,0,0.0011254932434260647,2
sex,male,55,4,0,0.0015066928616437622,2
sex,female,24,3,1,0.0022863410257441697,2
sex,female,24,2,0,0.0015446613056158541,2
sex,female,24,4,0,0.0018843363959308757,2
sex,female,44,4,0,0.004061290477887393,2
sex,female,18,4,0,0.003002826996259116,2
sex,female,32,2,0,0.0017689599742542934,2
sex,female,32,4,0,0.0016123513992475204,2
sex,female,22,2,0,0.0015541373980064012,2
sex,female,22,4,0,0.0017596157070867804,2
sex,female,34,2,0,0.0020728882418895134,2
sex,female,34,3,0,0.001644427736990329,2
sex,female,34,4,0,0.001871510712323022,2
sex,female,27,2,0,0.001681851278644896,2
sex,female,27,3,0,0.002081205082012172,2
sex,female,27,4,0,0.0021621763016410308,2
sex,female,27,4,1,0.001382904983978214,2
sex,female,30,4,0,0.002173966871692794,2
sex,female,29,4,0,0.0021655015320852624,2
sex,female,26,4,0,0.0022202162021974763,2
sex,female,23,3,0,0.0019617330914479133,2
sex,female,31,2,0,0.001634309276388143,2
sex,female,31,4,0,0.0014149138149467172,2
sex,female,21,2,0,0.0018228051977733303,2
sex,female,21,3,0,0.0022116230993261513,2
sex,female,55,4,0,0.0018803550756439442,2
sex,female,38,4,0,0.001567671797567267,2
sex,female,45,4,0,0.0012237455728086731,2
sex,female,42,4,0,0.0012515312278532106,2
sex,female,25,4,0,0.001516710847136959,2
sex,female,49,4,0,0.0013476243090167048,2
sex,female,28,4,0,0.0019471399802125818,2
sex,female,36,4,0,0.0030585831849784394,2
sex,female,20,3,0,0.002160405819122161,2
sex,female,20,4,0,0.002616425358240205,2
sex,female,51,2,0,0.001755520789495554,2
sex,female,51,4,0,0.0012432253478544637,2
sex,female,58,4,0,0.0017854356431061037,2
sex,female,39,4,0,0.0009921433039479701,2
sex,female,60,2,0,0.0018243921127675778,2
sex,female,43,4,0,0.0017424458094661014,2
race,African-American,45,2,0,0.0018549119009530508,3
race,African-American,45,4,0,0.0022019802449112277,3
race,African-American,19,2,0,0.003217921001945776,3
race,African-American,19,3,0,0.0022154953970331473,3
race,African-American,19,4,0,0.0021796140286463954,3
race,African-American,19,4,1,0.0024351261981604756,3
race,African-American,34,4,0,0.00249543707688447,3
race,African-American,26,4,0,0.0023954214210752606,3
race,African-American,23,4,0,0.0018685180903674345,3
race,African-American,23,4,1,0.003200958949133692,3
race,African-American,50,3,0,0.002481825110425869,3
race,African-American,50,4,0,0.003702030239387359,3
race,African-American,53,4,0,0.0035382208689001215,3
race,African-American,22,2,0,0.001609513336584533,3
race,African-American,22,3,0,0.0019257664256191324,3
race,African-American,22,4,0,0.0015932232554291788,3
race,African-American,25,2,0,0.0018031546694387553,3
race,African-American,25,3,0,0.0014827801853924522,3
race,African-American,25,4,0,0.0020223814580630495,3
race,African-American,27,3,0,0.0017052408386608266,3
race,African-American,27,4,0,0.0024809234021004284,3
race,African-American,40,4,0,0.0033428761800595418,3
race,African-American,33,4,0,0.0019221574387571281,3
race,African-American,20,2,0,0.0022733334954454804,3
race,African-American,20,3,0,0.0020729981678407877,3
race,African-American,20,4,0,0.0025012891530528784,3
race,African-American,43,4,0,0.001661513436608054,3
race,African-American,30,4,1,0.0019816535044407677,3
race,African-American,30,2,0,0.002070920843100376,3
race,African-American,30,3,0,0.001539968718158098,3
race,African-American,30,4,0,0.001917254276370006,3
race,African-American,21,4,1,0.0024961709270346576,3
race,African-American,21,2,0,0.0021814866242340575,3
race,African-American,21,3,0,0.0017745746815690097,3
race,African-American,21,4,0,0.0021875182733265487,3
race,African-American,49,4,0,0.0021070292389144983,3
race,African-American,28,2,0,0.0018493980117529228,3
race,African-American,28,3,0,0.0019195453283738979,3
race,African-American,28,4,0,0.0022134595685821224,3
race,African-American,18,2,0,0.0022527688764151957,3
race,African-American,18,3,0,0.0027462697756614526,3
race,African-American,18,4,0,0.0026219238183282133,3
race,African-American,32,4,0,0.0030355244133962434,3
race,African-American,35,4,0,0.0019183826015553578,3
race,African-American,35,4,1,0.004582964630731666,3
race,African-American,38,4,0,0.0017092618113979951,3
race,African-American,29,2,0,0.0013318212454883527,3
race,African-American,29,3,0,0.0019177167201757611,3
race,African-American,29,4,0,0.002004956732553936,3
race,African-American,29,4,1,0.0022569849776242572,3
race,African-American,24,4,0,0.0023591985669444778,3
race,African-American,56,3,0,0.0017659598966592637,3
race,African-American,39,4,0,0.0014240191448624392,3
race,African-American,31,4,0,0.003840031845456157,3
race,African-American,55,4,0,0.0019406133966165732,3
race,African-American,46,3,0,0.001281137982432532,3
race,African-American,46,4,0,0.002579221338840662,3
race,African-American,37,2,0,0.0012245258879248699,3
race,African-American,37,4,0,0.002255592554543948,3
race,African-American,42,4,0,0.0017646705500926944,3
race,African-American,51,4,0,0.0022929579203421206,3
race,African-American,66,4,0,0.002223920160747075,3
race,African-American,44,4,0,0.0022103271193409857,3
race,African-American,58,4,0,0.0021301738325798145,3
race,African-American,58,4,1,0.003724398198213976,3
race,African-American,48,3,0,0.0013342660011300654,3
race,African-American,48,4,0,0.002475452880729013,3
race,African-American,57,4,0,0.0018326801042274185,3
race,African-American,54,4,0,0.002150676582544092,3
race,African-American,36,4,0,0.0012240228860967376,3
race,African-American,47,3,0,0.0014066192184814437,3
race,African-American,52,3,0,0.002740086601611377,3
race,Other,27,4,0,0.001164375308103674,3
race,Other,19,3,1,0.0029499468007202355,3
race,Other,22,4,0,0.0026012325166085725,3
race,Other,29,2,0,0.001480304865454399,3
race,Other,29,4,0,0.0025365930600640667,3
race,Other,46,4,0,0.00212460464236212,3
race,Other,25,4,0,0.00314985196666049,3
race,Other,28,4,0,0.0015126547713613455,3
race,Other,26,4,0,0.0016481416346776745,3
race,Other,51,4,0,0.0020487183254524317,3
race,Other,20,4,0,0.0021000477465972322,3
race,Other,35,3,0,0.0019294326412025165,3
race,Other,35,4,0,0.001348774951500813,3
race,Other,41,4,0,0.0013589413938960941,3
race,Other,40,4,0,0.001917288274340536,3
race,Caucasian,18,2,0,0.002791774016029784,3
race,Caucasian,18,4,0,0.0020950142878800584,3
race,Caucasian,37,4,0,0.0018244968238009592,3
race,Caucasian,53,4,0,0.0020653882901786875,3
race,Caucasian,39,4,0,0.002011635689815622,3
race,Caucasian,38,2,0,0.0009348532467093291,3
race,Caucasian,38,4,0,0.002000951313169574,3
race,Caucasian,19,3,0,0.0026170722084877278,3
race,Caucasian,19,4,0,0.0023808213080134576,3
race,Caucasian,36,3,1,0.0018923996090300964,3
race,Caucasian,36,4,0,0.0030316482845925584,3
race,Caucasian,24,2,0,0.001949194706573918,3
race,Caucasian,24,3,0,0.0015874787424914893,3
race,Caucasian,24,4,0,0.00201373694503401,3
race,Caucasian,22,4,0,0.002734068295077462,3
race,Caucasian,52,4,0,0.00199870761868533,3
race,Caucasian,27,4,0,0.0020578636917208885,3
race,Caucasian,47,4,0,0.0016768577684562953,3
race,Caucasian,35,4,1,0.0034122594175351618,3
race,Caucasian,35,2,0,0.0018029184543705962,3
race,Caucasian,35,4,0,0.002205305008392694,3
race,Caucasian,30,4,0,0.0023228957266435836,3
race,Caucasian,28,4,0,0.0021242949657191102,3
race,Caucasian,50,2,0,0.0014198290555297146,3
race,Caucasian,50,4,0,0.001797546642141864,3
race,Caucasian,34,2,0,0.0011062227156315007,3
race,Caucasian,34,4,0,0.0017807428920067643,3
race,Caucasian,46,4,0,0.0017250397738358425,3
race,Caucasian,33,4,0,0.0024326295276836094,3
race,Caucasian,41,4,0,0.0018088687868315625,3
race,Caucasian,40,3,0,0.0015807749954055942,3
race,Caucasian,40,4,0,0.0015301437983281263,3
race,Caucasian,25,2,0,0.00201895510193436,3
race,Caucasian,25,4,0,0.001957521675409914,3
race,Caucasian,29,3,0,0.0011912011889545042,3
race,Caucasian,29,4,0,0.001830617327039755,3
race,Caucasian,21,4,0,0.0024548917316730427,3
race,Caucasian,43,4,0,0.002299492106511072,3
race,Caucasian,23,4,0,0.002498515161856743,3
race,Caucasian,31,4,0,0.0022856819410654442,3
race,Caucasian,54,3,0,0.0015303472640033552,3
race,Caucasian,54,4,0,0.002465012622954367,3
race,Caucasian,32,4,0,0.0017041340556793036,3
race,Caucasian,42,4,0,0.0013144609986976076,3
race,Caucasian,45,3,0,0.0013002635456566157,3
race,Caucasian,45,4,0,0.0033203001724898705,3
race,Caucasian,48,4,0,0.0012716189017446134,3
race,Caucasian,69,4,0,0.0024758296293268846,3
race,Caucasian,55,4,0,0.0012797107747117334,3
race,Caucasian,26,4,0,0.002133687585797578,3
race,Caucasian,49,4,0,0.00133051365104194,3
race,Caucasian,20,4,0,0.002510527652009176,3
race,Hispanic,26,4,0,0.0020766750694932476,3
race,Hispanic,23,3,0,0.0023600574095929802,3
race,Hispanic,23,4,0,0.00180325546957859,3
race,Hispanic,27,3,0,0.0015049460605472353,3
race,Hispanic,38,4,0,0.0026624611679686655,3
race,Hispanic,33,4,0,0.001689731471772972,3
race,Hispanic,42,4,0,0.0010138461009450074,3
race,Hispanic,31,4,0,0.0022103450216731063,3
race,Hispanic,45,4,0,0.0015689231131572159,3
race,Hispanic,36,4,0,0.0024419355791461626,3
race,Hispanic,32,4,0,0.002051018101610158,3
race,Hispanic,35,2,0,0.0014082754814677457,3
race,Hispanic,35,4,0,0.0015292765473380531,3
race,Hispanic,50,2,0,0.0016671120734481656,3
race,Hispanic,50,4,0,0.001475038573622576,3
race,Hispanic,54,4,0,0.0009845949229120626,3
race,Hispanic,28,4,0,0.0013548638397317303,3
race,Hispanic,21,4,0,0.0029047521254197055,3
sex,male,45,2,0,0.0018549119009530508,3
sex,male,45,3,0,0.0013002635456566157,3
sex,male,45,4,0,0.0025226967895918824,3
sex,male,27,3,0,0.0016050934496040308,3
sex,male,27,4,0,0.0023838227705691257,3
sex,male,19,2,0,0.003217921001945776,3
sex,male,19,3,0,0.0027286698290651897,3
sex,male,19,4,0,0.0022527803120526,3
sex,male,19,3,1,0.0029499468007202355,3
sex,male,19,4,1,0.0024351261981604756,3
sex,male,34,2,0,0.0011062227156315007,3
sex,male,34,4,0,0.002385484125364823,3
sex,male,26,4,0,0.0022856543327526412,3
sex,male,23,3,0,0.0023600574095929802,3
sex,male,23,4,0,0.0021562056576606196,3
sex,male,23,4,1,0.003200958949133692,3
sex,male,53,4,0,0.002556332483085832,3
sex,male,22,2,0,0.001609513336584533,3
sex,male,22,3,0,0.0019257664256191324,3
sex,male,22,4,0,0.002159418626394524,3
sex,male,25,2,0,0.0018750881469372903,3
sex,male,25,3,0,0.0014564565754826167,3
sex,male,25,4,0,0.002142590274998632,3
sex,male,18,2,0,0.0026121056361582545,3
sex,male,18,3,0,0.0027462697756614526,3
sex,male,18,4,0,0.0025175846380496997,3
sex,male,37,2,0,0.0012245258879248699,3
sex,male,37,4,0,0.0016849332934999177,3
sex,male,40,3,0,0.0015807749954055942,3
sex,male,40,4,0,0.0034134972742946254,3
sex,male,33,4,0,0.00215162447547191,3
sex,male,20,2,0,0.0022733334954454804,3
sex,male,20,3,0,0.0020729981678407877,3
sex,male,20,4,0,0.002442605909832769,3
sex,male,39,4,0,0.002011635689815622,3
sex,male,43,4,0,0.002071970368664949,3
sex,male,30,4,1,0.0019816535044407677,3
sex,male,30,2,0,0.002070920843100376,3
sex,male,30,3,0,0.001539968718158098,3
sex,male,30,4,0,0.0020769901049444194,3
sex,male,38,2,0,0.0009348532467093291,3
sex,male,38,4,0,0.0020165774834207603,3
sex,male,36,3,1,0.0018923996090300964,3
sex,male,36,4,0,0.0018265646855953445,3
sex,male,21,4,1,0.0024961709270346576,3
sex,male,21,2,0,0.0021814866242340575,3
sex,male,21,3,0,0.001533313417426529,3
sex,male,21,4,0,0.002371521021097839,3
sex,male,49,4,0,0.0019232929069444248,3
sex,male,24,2,0,0.001949194706573918,3
sex,male,24,3,0,0.0015874787424914893,3
sex,male,24,4,0,0.002253038532047985,3
sex,male,52,4,0,0.00199870761868533,3
sex,male,47,4,0,0.0014528458345935164,3
sex,male,35,4,1,0.003997612024133413,3
sex,male,35,2,0,0.001605596967919171,3
sex,male,35,3,0,0.0019294326412025165,3
sex,male,35,4,0,0.0017012668749670503,3
sex,male,29,2,0,0.0013318212454883527,3
sex,male,29,4,0,0.0019929331590776427,3
sex,male,29,4,1,0.0022569849776242572,3
sex,male,28,2,0,0.0018493980117529228,3
sex,male,28,3,0,0.0019195453283738979,3
sex,male,28,4,0,0.0019713719225530994,3
sex,male,46,3,0,0.001281137982432532,3
sex,male,46,4,0,0.0020953034692784344,3
sex,male,56,3,0,0.0017659598966592637,3
sex,male,50,2,0,0.0016139576721724046,3
sex,male,50,4,0,0.0027874795487717575,3
sex,male,41,4,0,0.001658892989186406,3
sex,male,31,4,0,0.00335721856500628,3
sex,male,55,4,0,0.0016101620856641533,3
sex,male,32,4,0,0.002542879204624843,3
sex,male,42,4,0,0.0013119343813337674,3
sex,male,51,4,0,0.0020669428786081277,3
sex,male,66,4,0,0.002223920160747075,3
sex,male,44,4,0,0.0022103271193409857,3
sex,male,58,4,0,0.0021301738325798145,3
sex,male,58,4,1,0.003724398198213976,3
sex,male,54,3,0,0.0015303472640033552,3
sex,male,54,4,0,0.002016324187841222,3
sex,male,48,3,0,0.0013342660011300654,3
sex,male,48,4,0,0.0024700312247309566,3
sex,male,57,4,0,0.0018326801042274185,3
sex,male,69,4,0,0.0024758296293268846,3
sex,female,23,4,0,0.0013697555191925209,3
sex,female,50,2,0,0.0012788548401627853,3
sex,female,50,3,0,0.002481825110425869,3
sex,female,50,4,0,0.0021634426161953016,3
sex,female,19,3,0,0.0019923001558782238,3
sex,female,28,4,0,0.002017472294128357,3
sex,female,32,4,0,0.0017781907957346494,3
sex,female,39,4,0,0.0014240191448624392,3
sex,female,25,3,0,0.0015091037953022877,3
sex,female,25,4,0,0.0012074893989497848,3
sex,female,27,4,0,0.0015418051314036204,3
sex,female,29,2,0,0.001480304865454399,3
sex,female,29,3,0,0.0015544589545651325,3
sex,female,29,4,0,0.0016228159352182092,3
sex,female,21,3,0,0.0020158359457114906,3
sex,female,21,4,0,0.0020163251172758117,3
sex,female,33,4,0,0.0016495737567122388,3
sex,female,24,4,0,0.0019849893938255615,3
sex,female,30,4,0,0.0024216692774434224,3
sex,female,51,4,0,0.002500748408920418,3
sex,female,49,4,0,0.002249195310892306,3
sex,female,47,3,0,0.0014066192184814437,3
sex,female,47,4,0,0.0021248816361818528,3
sex,female,31,4,0,0.0021193562172132255,3
sex,female,37,4,0,0.0029658153458890202,3
sex,female,42,4,0,0.0014716355044316156,3
sex,female,43,4,0,0.0007022509219188421,3
sex,female,36,4,0,0.0024419355791461626,3
sex,female,22,4,0,0.0021320486290067457,3
sex,female,35,4,0,0.002205305008392694,3
sex,female,40,4,0,0.001617784394981705,3
sex,female,18,4,0,0.0019802478494903722,3
sex,female,52,3,0,0.002740086601611377,3
sex,female,48,4,0,0.0012824622137407266,3
sex,female,20,4,0,0.002412243757739195,3
race,Hispanic,42,4,0,0.0007410789965396143,4
race,Hispanic,19,2,0,0.0015352509247223707,4
race,Hispanic,19,4,0,0.001346632045698885,4
race,Hispanic,26,2,0,0.0009682093698588432,4
race,Hispanic,26,4,0,0.004057716231126734,4
race,Hispanic,24,4,0,0.0010596829655098563,4
race,Hispanic,55,3,0,0.0010087395186783993,4
race,Hispanic,55,4,0,0.0007004304670339792,4
race,Hispanic,18,3,0,0.00258396673908448,4
race,Hispanic,28,3,0,0.0029377305431842935,4
race,Hispanic,28,4,0,0.0008691846096135149,4
race,Hispanic,23,4,0,0.0014856032166134716,4
race,Hispanic,27,4,0,0.0017594686578617778,4
race,Hispanic,22,3,0,0.0009662249378400677,4
race,Hispanic,22,4,0,0.0014993774685557767,4
race,Hispanic,20,4,0,0.0013453256264398337,4
race,Hispanic,34,4,0,0.001052806015445925,4
race,Hispanic,33,4,0,0.0009148762738554908,4
race,Hispanic,31,4,0,0.001003776414600706,4
race,Hispanic,49,4,0,0.0008752415446837865,4
race,African-American,19,3,0,0.0016685804658069475,4
race,African-American,19,4,0,0.0016147924351189568,4
race,African-American,19,4,1,0.0016441614061943174,4
race,African-American,24,3,0,0.0012802982378235556,4
race,African-American,24,4,0,0.0018779158026452497,4
race,African-American,34,3,0,0.0016832668129438963,4
race,African-American,34,4,0,0.0014369270528194703,4
race,African-American,32,2,0,0.0012047542768087733,4
race,African-American,32,3,0,0.001086717443002024,4
race,African-American,32,4,0,0.0017471307509433155,4
race,African-American,32,4,1,0.0021806452994244927,4
race,African-American,45,3,0,0.0005436832384583432,4
race,African-American,45,4,0,0.0011462457284540566,4
race,African-American,27,2,0,0.0012249925258482996,4
race,African-American,27,3,0,0.0012761297292244321,4
race,African-American,27,4,0,0.0021244221656294103,4
race,African-American,27,4,1,0.0018368722937827473,4
race,African-American,54,4,0,0.0017907451821387995,4
race,African-American,33,4,0,0.002928637471177795,4
race,African-American,30,3,0,0.0009848344474524637,4
race,African-American,30,4,0,0.0021670055904115817,4
race,African-American,20,2,0,0.0013573423106985043,4
race,African-American,20,3,0,0.0015468841529407014,4
race,African-American,20,4,0,0.0016635405213563713,4
race,African-American,22,2,0,0.0012750168327387878,4
race,African-American,22,4,0,0.0019415855342915331,4
race,African-American,25,2,0,0.0012415312930752944,4
race,African-American,25,4,0,0.0023682593519291652,4
race,African-American,50,4,0,0.0008539500116068665,4
race,African-American,55,4,0,9.4119713636633e-05,4
race,African-American,55,4,1,0.0007816619260631257,4
race,African-American,46,4,0,0.0009100007090159044,4
race,African-American,40,4,0,0.0018941262387427178,4
race,African-American,36,2,0,0.0010737415861981662,4
race,African-American,36,4,0,0.0014869777375412414,4
race,African-American,31,4,0,0.003492891571036278,4
race,African-American,21,2,0,0.0014784646555030016,4
race,African-American,21,3,0,0.0017011518342716406,4
race,African-American,21,4,0,0.0020054620332864283,4
race,African-American,21,4,1,0.0017942968454442434,4
race,African-American,57,4,0,0.0008185820074226846,4
race,African-American,18,2,0,0.0018795615510224309,4
race,African-American,18,3,0,0.0016223433427803983,4
race,African-American,18,4,0,0.0016572584172311281,4
race,African-American,18,3,1,0.0020146977786240604,4
race,African-American,18,4,1,0.0014735312426949437,4
race,African-American,29,3,0,0.0010200693524767095,4
race,African-American,29,4,0,0.0014297912448841257,4
race,African-American,56,4,0,0.0004589563444655313,4
race,African-American,23,2,0,0.001194608484311481,4
race,African-American,23,3,0,0.0015381452382555653,4
race,African-American,23,4,0,0.001342180190267784,4
race,African-American,41,4,0,0.0008473010578494695,4
race,African-American,44,4,0,0.0006233186009181785,4
race,African-American,43,4,0,0.002052167998100789,4
race,African-American,28,4,0,0.0011499322480614455,4
race,African-American,58,4,0,0.0007306573688606552,4
race,African-American,26,2,0,0.00111370547255178,4
race,African-American,26,3,0,0.0010645277499535908,4
race,African-American,26,4,0,0.0012197295731756477,4
race,African-American,35,4,0,0.0017161838187268418,4
race,African-American,35,4,1,0.0009233907879270464,4
race,African-American,39,4,0,0.001203937667000584,4
race,African-American,53,4,0,0.0004321268916698077,4
race,African-American,62,4,0,0.0007912476459237958,4
race,African-American,52,4,0,0.0014096193529398286,4
race,African-American,38,3,0,0.0006096241800050998,4
race,African-American,38,4,0,0.001104719509948493,4
race,African-American,59,4,0,0.0005620101645230059,4
race,African-American,37,4,0,0.000862945358632401,4
race,African-American,48,4,0,0.001006870327908907,4
race,African-American,42,4,0,0.00041665567232949876,4
race,African-American,47,4,0,0.000806151517717325,4
race,African-American,66,4,0,0.0013127181430672447,4
race,African-American,64,4,0,0.00033255129088728615,4
race,Caucasian,50,3,0,0.0006493255590790606,4
race,Caucasian,50,4,0,0.0007673353362288026,4
race,Caucasian,28,4,0,0.001081263481014077,4
race,Caucasian,28,4,1,0.0025126958238412037,4
race,Caucasian,45,2,0,0.0001497532358836787,4
race,Caucasian,45,4,0,0.0006962586528348623,4
race,Caucasian,45,4,1,0.004594474382511087,4
race,Caucasian,19,2,0,0.0016341980098048665,4
race,Caucasian,19,3,0,0.0023422890445485584,4
race,Caucasian,19,4,0,0.0029445473303910522,4
race,Caucasian,19,4,1,0.002657914448232078,4
race,Caucasian,26,3,0,0.0012635605772074456,4
race,Caucasian,26,4,0,0.0005582901187934522,4
race,Caucasian,23,4,0,0.0020620393070869985,4
race,Caucasian,39,4,0,0.0009113620139411184,4
race,Caucasian,30,4,0,0.001230218206531913,4
race,Caucasian,43,2,0,0.0006408407088939489,4
race,Caucasian,43,4,0,0.0007212526256129175,4
race,Caucasian,41,4,0,0.001146980826383331,4
race,Caucasian,36,2,0,0.0006792161208375803,4
race,Caucasian,36,3,0,0.0021378800650351144,4
race,Caucasian,36,4,0,0.0011583694917168116,4
race,Caucasian,27,2,0,0.001044495052470932,4
race,Caucasian,27,4,0,0.0012367281105406234,4
race,Caucasian,33,4,0,0.001322031713486371,4
race,Caucasian,22,2,0,0.0011515929122862506,4
race,Caucasian,22,4,0,0.0018657706083481096,4
race,Caucasian,53,2,0,0.0006787886297566853,4
race,Caucasian,53,4,1,0.0005290655251403979,4
race,Caucasian,32,2,0,0.0006808628478383773,4
race,Caucasian,32,4,0,0.0010126454658182734,4
race,Caucasian,55,3,0,0.0005331393200583478,4
race,Caucasian,55,4,0,0.0007041779147449577,4
race,Caucasian,37,4,0,0.0029880880542729974,4
race,Caucasian,48,4,0,0.00070022746910687,4
race,Caucasian,25,2,0,0.0015704346279272411,4
race,Caucasian,25,3,0,0.0014657847715316696,4
race,Caucasian,25,4,0,0.0007696226447285695,4
race,Caucasian,35,4,1,0.0016009809132041264,4
race,Caucasian,35,4,0,0.0013380525662257255,4
race,Caucasian,49,2,0,0.0005704083095422325,4
race,Caucasian,49,4,0,0.0005590524558656512,4
race,Caucasian,40,3,0,0.0006906988754820387,4
race,Caucasian,18,4,0,0.002223858508081268,4
race,Caucasian,20,4,0,0.0016248555002134923,4
race,Caucasian,42,4,0,0.0005436822104529671,4
race,Caucasian,21,4,0,0.0031620447334204742,4
race,Caucasian,21,2,1,0.0011480084364830037,4
race,Caucasian,31,4,0,0.0008839945761631506,4
race,Caucasian,56,4,0,0.00044093535616130606,4
race,Caucasian,34,4,0,0.0016249956252221706,4
race,Caucasian,46,4,1,0.0010399131074246045,4
race,Caucasian,64,2,0,0.0005756642655099961,4
race,Caucasian,24,4,0,0.002098902621483538,4
race,Caucasian,29,4,0,0.0010586522811436576,4
race,Caucasian,47,4,0,0.00032774621419790417,4
race,Other,31,4,1,0.0014485709795203118,4
race,Other,31,4,0,0.002391486142852368,4
race,Other,22,2,0,0.0009349116797386841,4
race,Other,22,4,0,0.0027111082283024328,4
race,Other,18,4,0,0.0012920433186148677,4
race,Other,25,3,0,0.0012263701825023167,4
race,Other,25,4,0,0.00047698003316402215,4
race,Other,48,4,0,0.00036634651643397477,4
race,Other,34,4,0,0.00120677273560991,4
race,Other,37,4,0,0.0009204259242681902,4
race,Other,38,3,0,0.0008634456794675343,4
race,Other,20,4,0,0.0015961550910704061,4
race,Other,32,4,0,0.0017390287422164507,4
race,Other,27,4,0,0.0009145830137347748,4
race,Other,58,2,0,0.0005418927569957818,4
race,Other,45,4,0,0.0007364359543450622,4
sex,male,42,4,0,0.0004692483004139345,4
sex,male,19,2,0,0.0016341980098048665,4
sex,male,19,3,0,0.0018931499920541509,4
sex,male,19,4,0,0.001728140166037807,4
sex,male,19,4,1,0.002319996767552824,4
sex,male,26,2,0,0.0009682093698588432,4
sex,male,26,3,0,0.0012635605772074456,4
sex,male,26,4,0,0.0016638549842322185,4
sex,male,24,3,0,0.0012802982378235556,4
sex,male,24,4,0,0.001819460228457307,4
sex,male,50,4,0,0.0007998158394955766,4
sex,male,34,4,0,0.0014273274889213565,4
sex,male,45,2,0,0.0001497532358836787,4
sex,male,45,3,0,0.0005436832384583432,4
sex,male,45,4,0,0.0008507184893201715,4
sex,male,45,4,1,0.004594474382511087,4
sex,male,54,4,0,0.0017907451821387995,4
sex,male,28,3,0,0.0029377305431842935,4
sex,male,28,4,0,0.001069189065833246,4
sex,male,28,4,1,0.0025126958238412037,4
sex,male,33,4,0,0.002153651348239136,4
sex,male,30,3,0,0.0009848344474524637,4
sex,male,30,4,0,0.0020860632813312326,4
sex,male,27,2,0,0.0011347437891596158,4
sex,male,27,3,0,0.001036987024515586,4
sex,male,27,4,0,0.0022906794524843095,4
sex,male,27,4,1,0.0018368722937827473,4
sex,male,31,4,1,0.0014485709795203118,4
sex,male,31,4,0,0.0029458359922688335,4
sex,male,23,2,0,0.001194608484311481,4
sex,male,23,3,0,0.00117735307962793,4
sex,male,23,4,0,0.0015642357642008159,4
sex,male,20,2,0,0.0013573423106985043,4
sex,male,20,3,0,0.0014574921509764038,4
sex,male,20,4,0,0.001654555797318242,4
sex,male,39,4,0,0.00107854810140367,4
sex,male,22,2,0,0.0011913424217228565,4
sex,male,22,3,0,0.0009662249378400677,4
sex,male,22,4,0,0.001971321488255213,4
sex,male,25,2,0,0.0012415312930752944,4
sex,male,25,3,0,0.0013460774770169932,4
sex,male,25,4,0,0.0021165685632140783,4
sex,male,43,2,0,0.0006408407088939489,4
sex,male,43,4,0,0.001028757032766701,4
sex,male,55,3,0,0.0007709394193683736,4
sex,male,55,4,0,0.0006012523986565774,4
sex,male,55,4,1,0.0007816619260631257,4
sex,male,41,4,0,0.0009971409421164002,4
sex,male,46,4,0,0.0009100007090159044,4
sex,male,46,4,1,0.0010399131074246045,4
sex,male,40,3,0,0.0006906988754820387,4
sex,male,40,4,0,0.0018941262387427178,4
sex,male,36,2,0,0.0008764788535178733,4
sex,male,36,3,0,0.0021378800650351144,4
sex,male,36,4,0,0.0012992015970701386,4
sex,male,21,2,0,0.0014784646555030016,4
sex,male,21,3,0,0.0017011518342716406,4
sex,male,21,4,0,0.002170688133305578,4
sex,male,21,2,1,0.0011480084364830037,4
sex,male,21,4,1,0.0017942968454442434,4
sex,male,18,2,0,0.002082563307411721,4
sex,male,18,3,0,0.002103155040932439,4
sex,male,18,4,0,0.0018479134420788651,4
sex,male,18,3,1,0.0020146977786240604,4
sex,male,18,4,1,0.0014735312426949437,4
sex,male,57,4,0,0.0008185820074226846,4
sex,male,29,3,0,0.0010200693524767095,4
sex,male,29,4,0,0.001355563452136032,4
sex,male,32,2,0,0.0009428085623235753,4
sex,male,32,3,0,0.001086717443002024,4
sex,male,32,4,0,0.0014708636086814635,4
sex,male,32,4,1,0.0021806452994244927,4
sex,male,48,4,0,0.000588933818215905,4
sex,male,53,2,0,0.0006787886297566853,4
sex,male,53,4,0,0.0004321268916698077,4
sex,male,44,4,0,0.0006415321894196782,4
sex,male,58,2,0,0.0005418927569957818,4
sex,male,58,4,0,0.0007306573688606552,4
sex,male,35,4,0,0.0015443059766808798,4
sex,male,35,4,1,0.0012621858505655864,4
sex,male,37,4,0,0.0011911717004249674,4
sex,male,62,4,0,0.0007912476459237958,4
sex,male,49,2,0,0.0005704083095422325,4
sex,male,49,4,0,0.0007171470002747188,4
sex,male,52,4,0,0.0014096193529398286,4
sex,male,38,3,0,0.0007365349297363171,4
sex,male,38,4,0,0.0011600084408750055,4
sex,male,59,4,0,0.0005620101645230059,4
sex,male,56,4,0,0.00044093535616130606,4
sex,male,64,2,0,0.0005756642655099961,4
sex,male,64,4,0,0.00033255129088728615,4
sex,male,47,4,0,0.000806151517717325,4
sex,female,32,4,0,0.0015173113165081332,4
sex,female,34,3,0,0.0016832668129438963,4
sex,female,34,4,0,0.0014636539266293762,4
sex,female,27,3,0,0.0015152724339332784,4
sex,female,27,4,0,0.0011153836511400767,4
sex,female,26,2,0,0.00111370547255178,4
sex,female,26,3,0,0.0010645277499535908,4
sex,female,26,4,0,0.0011325982748291185,4
sex,female,24,4,0,0.0022031234934417475,4
sex,female,19,2,0,0.0015352509247223707,4
sex,female,30,4,0,0.0016504037465989347,4
sex,female,43,4,0,0.0006155437062046083,4
sex,female,56,4,0,0.0004589563444655313,4
sex,female,22,2,0,0.0011064358939132668,4
sex,female,22,4,0,0.001625152029244887,4
sex,female,20,3,0,0.0016362761549049989,4
sex,female,20,4,0,0.0015316788756222731,4
sex,female,23,3,0,0.0018989373968832004,4
sex,female,23,4,0,0.0013210521275862249,4
sex,female,25,2,0,0.0015704346279272411,4
sex,female,25,4,0,0.0005516868720589588,4
sex,female,44,4,0,0.0005686778354136796,4
sex,female,33,4,0,0.004577574790987848,4
sex,female,42,4,0,0.0010565922565744876,4
sex,female,38,4,0,0.0009941416480954677,4
sex,female,18,2,0,0.0014735580382438506,4
sex,female,31,4,0,0.0007930914696377888,4
sex,female,48,4,0,0.001006870327908907,4
sex,female,53,4,1,0.0005290655251403979,4
sex,female,28,4,0,0.001275936805883741,4
sex,female,50,3,0,0.0006493255590790606,4
sex,female,66,4,0,0.0013127181430672447,4
sex,female,47,4,0,0.00032774621419790417,4
